tconst	titleType	primaryTitle	originalTitle	isAdult	startYear	endYear	runtimeMinutes	genres
tt17890000	tvEpisode	Episode #1.24	Episode #1.24	0	2012	\N	\N	Drama
tt17890002	tvEpisode	Episode #1.25	Episode #1.25	0	2012	\N	\N	Drama
tt17890004	tvEpisode	Episode #1.26	Episode #1.26	0	2012	\N	\N	Drama
tt17890006	tvEpisode	Episode #1.2	Episode #1.2	0	2020	\N	\N	Adventure,Comedy
tt17890008	tvEpisode	Episode #1.28	Episode #1.28	0	2012	\N	\N	Drama
tt17890010	tvEpisode	Episode #1.29	Episode #1.29	0	2012	\N	\N	Drama
tt17890012	tvEpisode	Episode #1.30	Episode #1.30	0	2012	\N	\N	Drama
tt17890014	tvEpisode	Episode #1.31	Episode #1.31	0	2012	\N	\N	Drama
tt17890018	tvEpisode	Episode #1.32	Episode #1.32	0	2012	\N	\N	Drama
tt17890020	tvEpisode	Episode #1.3	Episode #1.3	0	2020	\N	\N	Adventure,Comedy
tt17890022	tvEpisode	Episode #1.33	Episode #1.33	0	2012	\N	\N	Drama
tt17890024	tvEpisode	Episode #1.34	Episode #1.34	0	2012	\N	\N	Drama
tt17890026	tvEpisode	Episode #1.36	Episode #1.36	0	2012	\N	\N	Drama
tt17890030	tvEpisode	Episode #1.35	Episode #1.35	0	2012	\N	\N	Drama
tt17890032	tvEpisode	Episode #1.37	Episode #1.37	0	2012	\N	\N	Drama
tt17890034	tvEpisode	Episode #1.38	Episode #1.38	0	2012	\N	\N	Drama
tt17890036	tvEpisode	Episode #1.4	Episode #1.4	0	2020	\N	\N	Adventure,Comedy
tt17890038	tvEpisode	Episode #1.5	Episode #1.5	0	2020	\N	\N	Adventure,Comedy
tt17890040	tvEpisode	Episode #1.6	Episode #1.6	0	2020	\N	\N	Adventure,Comedy
tt17890046	tvEpisode	Schallali	Schallali	0	2022	\N	44	Crime
tt17890048	tvEpisode	Episode #1.7	Episode #1.7	0	2020	\N	\N	Adventure,Comedy
tt17890050	tvEpisode	Episode #1.29	Episode #1.29	0	2012	\N	\N	Comedy,Romance
tt17890052	tvEpisode	Episode #1.8	Episode #1.8	0	2020	\N	\N	Adventure,Comedy
tt17890054	tvEpisode	Episode #1.9	Episode #1.9	0	2020	\N	\N	Adventure,Comedy
tt17890056	tvEpisode	Episode dated 17 December 2021	Episode dated 17 December 2021	0	2021	\N	180	News,Talk-Show
tt17890058	tvSeries	The Zero Contact	El contacto cero	0	2019	\N	\N	Drama
tt17890062	tvEpisode	Episode #1.10	Episode #1.10	0	2020	\N	\N	Adventure,Comedy
tt17890064	tvEpisode	Episode #1.11	Episode #1.11	0	2020	\N	\N	Adventure,Comedy
tt17890066	tvEpisode	Episode #1.12	Episode #1.12	0	2020	\N	\N	Adventure,Comedy
tt17890068	tvEpisode	Episode #1.13	Episode #1.13	0	2020	\N	\N	Adventure,Comedy
tt17890070	tvEpisode	Episode #1.3321	Episode #1.3321	0	\N	\N	\N	Animation,Comedy,Drama
tt17890072	tvEpisode	Episode #18.171	Episode #18.171	0	2020	\N	\N	Game-Show
tt17890074	tvEpisode	Episode #1.3323	Episode #1.3323	0	\N	\N	\N	Animation,Comedy,Drama
tt17890076	tvEpisode	Episode #1.3322	Episode #1.3322	0	\N	\N	\N	Animation,Comedy,Drama
tt17890078	tvEpisode	Episode #1.3324	Episode #1.3324	0	\N	\N	\N	Animation,Comedy,Drama
tt17890080	tvEpisode	Episode #1.3325	Episode #1.3325	0	\N	\N	\N	Animation,Comedy,Drama
tt17890084	tvEpisode	Episode #1.3326	Episode #1.3326	0	\N	\N	\N	Animation,Comedy,Drama
tt17890086	tvEpisode	Episode #1.3327	Episode #1.3327	0	\N	\N	\N	Animation,Comedy,Drama
tt17890088	tvEpisode	Episode #1.3328	Episode #1.3328	0	\N	\N	\N	Animation,Comedy,Drama
tt17890090	tvEpisode	Episode #1.3329	Episode #1.3329	0	\N	\N	\N	Animation,Comedy,Drama
tt17890094	tvEpisode	Episode #1.3330	Episode #1.3330	0	\N	\N	\N	Animation,Comedy,Drama
tt17890096	tvEpisode	Episode #1.3331	Episode #1.3331	0	\N	\N	\N	Animation,Comedy,Drama
tt17890098	tvEpisode	Episode #1.3332	Episode #1.3332	0	\N	\N	\N	Animation,Comedy,Drama
tt17890100	tvEpisode	Episode #1.14	Episode #1.14	0	2020	\N	\N	Adventure,Comedy
tt17890102	tvEpisode	Episode #1.15	Episode #1.15	0	2020	\N	\N	Adventure,Comedy
tt17890104	tvEpisode	Episode #1.16	Episode #1.16	0	2020	\N	\N	Adventure,Comedy
tt17890112	tvEpisode	Episode #1.3333	Episode #1.3333	0	\N	\N	\N	Animation,Comedy,Drama
tt17890114	tvEpisode	Episode #1.3334	Episode #1.3334	0	\N	\N	\N	Animation,Comedy,Drama
tt17890118	tvEpisode	Episode #1.3335	Episode #1.3335	0	\N	\N	\N	Animation,Comedy,Drama
tt17890120	tvEpisode	Episode #1.3336	Episode #1.3336	0	\N	\N	\N	Animation,Comedy,Drama
tt17890122	tvEpisode	Episode #1.3337	Episode #1.3337	0	\N	\N	\N	Animation,Comedy,Drama
tt17890124	tvEpisode	Episode #1.3338	Episode #1.3338	0	\N	\N	\N	Animation,Comedy,Drama
tt17890126	tvEpisode	Episode #1.3339	Episode #1.3339	0	\N	\N	\N	Animation,Comedy,Drama
tt17890128	tvEpisode	Episode #1.3340	Episode #1.3340	0	\N	\N	\N	Animation,Comedy,Drama
tt17890130	tvEpisode	Episode #1.3061	Episode #1.3061	0	\N	\N	\N	Animation,Comedy,Drama
tt17890132	tvEpisode	Episode #1.2	Episode #1.2	0	2022	\N	\N	Drama
tt17890134	tvEpisode	Jenna	Jenna	0	2021	\N	\N	\N
tt17890136	tvEpisode	Episode #1.3062	Episode #1.3062	0	\N	\N	\N	Animation,Comedy,Drama
tt17890138	tvEpisode	Episode #1.3063	Episode #1.3063	0	\N	\N	\N	Animation,Comedy,Drama
tt17890140	tvEpisode	Episode #1.3066	Episode #1.3066	0	\N	\N	\N	Animation,Comedy,Drama
tt17890142	tvEpisode	Episode #1.3064	Episode #1.3064	0	\N	\N	\N	Animation,Comedy,Drama
tt17890144	tvEpisode	Episode #1.3065	Episode #1.3065	0	\N	\N	\N	Animation,Comedy,Drama
tt17890146	tvEpisode	Episode #1.3067	Episode #1.3067	0	\N	\N	\N	Animation,Comedy,Drama
tt17890148	tvEpisode	Episode #1.3069	Episode #1.3069	0	\N	\N	\N	Animation,Comedy,Drama
tt17890150	tvEpisode	Episode #1.3068	Episode #1.3068	0	\N	\N	\N	Animation,Comedy,Drama
tt17890152	tvEpisode	Johannes	Johannes	0	2021	\N	\N	\N
tt17890156	tvEpisode	Episode #1.3070	Episode #1.3070	0	\N	\N	\N	Animation,Comedy,Drama
tt17890158	tvEpisode	Episode #1.3071	Episode #1.3071	0	\N	\N	\N	Animation,Comedy,Drama
tt17890162	tvEpisode	Episode #1.3073	Episode #1.3073	0	\N	\N	\N	Animation,Comedy,Drama
tt17890164	tvSeries	Charlie Thornton	Charlie Thornton	0	\N	\N	\N	Comedy
tt17890166	tvEpisode	Episode #1.3072	Episode #1.3072	0	\N	\N	\N	Animation,Comedy,Drama
tt17890168	tvEpisode	Melissa	Melissa	0	2021	\N	\N	\N
tt17890170	tvEpisode	Episode #1.3074	Episode #1.3074	0	\N	\N	\N	Animation,Comedy,Drama
tt17890172	tvEpisode	Episode #1.3076	Episode #1.3076	0	\N	\N	\N	Animation,Comedy,Drama
tt17890174	tvEpisode	Episode #1.3075	Episode #1.3075	0	\N	\N	\N	Animation,Comedy,Drama
tt17890176	tvSeries	African Royale	African Royale	0	2022	\N	30	Reality-TV
tt17890178	tvEpisode	Episode #1.3077	Episode #1.3077	0	\N	\N	\N	Animation,Comedy,Drama
tt17890180	tvEpisode	Miikka	Miikka	0	2021	\N	\N	\N
tt17890182	tvEpisode	Episode #1.3078	Episode #1.3078	0	\N	\N	\N	Animation,Comedy,Drama
tt17890184	tvEpisode	Episode #1.3079	Episode #1.3079	0	\N	\N	\N	Animation,Comedy,Drama
tt17890186	tvEpisode	Episode #1.3080	Episode #1.3080	0	\N	\N	\N	Animation,Comedy,Drama
tt17890188	tvEpisode	Episode #1.2821	Episode #1.2821	0	\N	\N	\N	Animation,Comedy,Drama
tt17890190	tvEpisode	Episode #1.2822	Episode #1.2822	0	\N	\N	\N	Animation,Comedy,Drama
tt17890192	tvEpisode	Episode #1.2823	Episode #1.2823	0	\N	\N	\N	Animation,Comedy,Drama
tt17890194	tvEpisode	Episode #1.2824	Episode #1.2824	0	\N	\N	\N	Animation,Comedy,Drama
tt17890198	tvEpisode	Episode #1.2825	Episode #1.2825	0	\N	\N	\N	Animation,Comedy,Drama
tt17890200	tvEpisode	Jemina	Jemina	0	2021	\N	\N	\N
tt17890202	tvEpisode	Episode #1.2826	Episode #1.2826	0	\N	\N	\N	Animation,Comedy,Drama
tt17890204	tvEpisode	Episode #1.2827	Episode #1.2827	0	\N	\N	\N	Animation,Comedy,Drama
tt17890206	tvEpisode	Episode #1.2828	Episode #1.2828	0	\N	\N	\N	Animation,Comedy,Drama
tt17890208	tvEpisode	Episode #1.2829	Episode #1.2829	0	\N	\N	\N	Animation,Comedy,Drama
tt17890210	tvEpisode	Nasmeh je gratis	Nasmeh je gratis	0	2005	\N	\N	Comedy
tt17890212	tvEpisode	Simo	Simo	0	2021	\N	\N	\N
tt17890214	tvEpisode	Episode #1.2830	Episode #1.2830	0	\N	\N	\N	Animation,Comedy,Drama
tt17890216	tvEpisode	Episode #1.2832	Episode #1.2832	0	\N	\N	\N	Animation,Comedy,Drama
tt17890218	tvEpisode	Episode #1.2831	Episode #1.2831	0	\N	\N	\N	Animation,Comedy,Drama
tt17890220	tvEpisode	Episode #1.2833	Episode #1.2833	0	\N	\N	\N	Animation,Comedy,Drama
tt17890222	tvEpisode	Episode #1.2834	Episode #1.2834	0	\N	\N	\N	Animation,Comedy,Drama
tt17890224	tvEpisode	Episode #1.2835	Episode #1.2835	0	\N	\N	\N	Animation,Comedy,Drama
tt17890226	tvEpisode	Episode #1.2836	Episode #1.2836	0	\N	\N	\N	Animation,Comedy,Drama
tt17890228	tvEpisode	Episode #1.2837	Episode #1.2837	0	\N	\N	\N	Animation,Comedy,Drama
tt17890230	tvEpisode	Episode #1.2838	Episode #1.2838	0	\N	\N	\N	Animation,Comedy,Drama
tt17890232	tvEpisode	Pauliina	Pauliina	0	2021	\N	\N	\N
tt17890234	tvEpisode	Episode #1.2839	Episode #1.2839	0	\N	\N	\N	Animation,Comedy,Drama
tt17890236	tvEpisode	Bozanske cene	Bozanske cene	0	2005	\N	\N	Comedy
tt17890238	tvEpisode	Episode #1.2840	Episode #1.2840	0	\N	\N	\N	Animation,Comedy,Drama
tt17890240	tvEpisode	Episode #1.2582	Episode #1.2582	0	\N	\N	\N	Animation,Comedy,Drama
tt17890242	tvEpisode	Episode #1.2581	Episode #1.2581	0	\N	\N	\N	Animation,Comedy,Drama
tt17890244	tvEpisode	Noora	Noora	0	2021	\N	\N	\N
tt17890248	tvEpisode	Episode #1.2583	Episode #1.2583	0	\N	\N	\N	Animation,Comedy,Drama
tt17890250	tvEpisode	Episode #1.2584	Episode #1.2584	0	\N	\N	\N	Animation,Comedy,Drama
tt17890252	tvEpisode	Episode #1.2585	Episode #1.2585	0	\N	\N	\N	Animation,Comedy,Drama
tt17890254	tvEpisode	Obdarujmo sebe	Obdarujmo sebe	0	2005	\N	\N	Comedy
tt17890256	tvEpisode	Episode dated 7 February 2022	Episode dated 7 February 2022	0	2022	\N	\N	News
tt17890258	tvEpisode	Nina	Nina	0	2021	\N	\N	\N
tt17890262	tvEpisode	Episode dated 8 February 2022	Episode dated 8 February 2022	0	2022	\N	\N	News
tt17890264	tvEpisode	Episode #1.2586	Episode #1.2586	0	\N	\N	\N	Animation,Comedy,Drama
tt17890266	tvEpisode	Episode #1.2587	Episode #1.2587	0	\N	\N	\N	Animation,Comedy,Drama
tt17890268	tvEpisode	Episode dated 9 February 2022	Episode dated 9 February 2022	0	2022	\N	\N	News
tt17890270	tvEpisode	Episode dated 10 February 2022	Episode dated 10 February 2022	0	2022	\N	\N	News
tt17890272	tvEpisode	Episode #1.2588	Episode #1.2588	0	\N	\N	\N	Animation,Comedy,Drama
tt17890274	tvEpisode	Episode #1.2589	Episode #1.2589	0	\N	\N	\N	Animation,Comedy,Drama
tt17890276	tvEpisode	Episode dated 11 February 2022	Episode dated 11 February 2022	0	2022	\N	\N	News
tt17890278	tvEpisode	Episode #1.2590	Episode #1.2590	0	\N	\N	\N	Animation,Comedy,Drama
tt17890280	tvEpisode	Episode #1.2591	Episode #1.2591	0	\N	\N	\N	Animation,Comedy,Drama
tt17890282	tvEpisode	Susanna	Susanna	0	2021	\N	\N	\N
tt17890284	tvEpisode	Episode #1.2592	Episode #1.2592	0	\N	\N	\N	Animation,Comedy,Drama
tt17890286	tvEpisode	Episode #1.2593	Episode #1.2593	0	\N	\N	\N	Animation,Comedy,Drama
tt17890288	tvEpisode	Episode #1.2594	Episode #1.2594	0	\N	\N	\N	Animation,Comedy,Drama
tt17890290	tvEpisode	Episode #1.2595	Episode #1.2595	0	\N	\N	\N	Animation,Comedy,Drama
tt17890292	tvEpisode	Inka	Inka	0	2022	\N	\N	\N
tt17890294	tvEpisode	Episode #1.2596	Episode #1.2596	0	\N	\N	\N	Animation,Comedy,Drama
tt17890296	tvEpisode	Episode #1.2597	Episode #1.2597	0	\N	\N	\N	Animation,Comedy,Drama
tt17890298	tvEpisode	Episode #1.2598	Episode #1.2598	0	\N	\N	\N	Animation,Comedy,Drama
tt17890300	tvEpisode	Episode #1.2599	Episode #1.2599	0	\N	\N	\N	Animation,Comedy,Drama
tt17890302	tvEpisode	Episode #1.2	Episode #1.2	0	2022	\N	\N	Drama,Thriller
tt17890304	tvEpisode	Keijo	Keijo	0	2022	\N	\N	\N
tt17890306	tvEpisode	Episode #1.2600	Episode #1.2600	0	\N	\N	\N	Animation,Comedy,Drama
tt17890310	tvEpisode	Episode #1.3	Episode #1.3	0	2022	\N	\N	Drama,Thriller
tt17890312	tvEpisode	Episode #1.301	Episode #1.301	0	\N	\N	\N	Animation,Fantasy
tt17890318	tvEpisode	Episode #1.4	Episode #1.4	0	2022	\N	\N	Drama,Thriller
tt17890320	tvEpisode	Episode #3.1	Episode #3.1	0	2023	\N	\N	Animation,Comedy
tt17890322	tvEpisode	Episode #1.302	Episode #1.302	0	\N	\N	\N	Animation,Fantasy
tt17890326	tvEpisode	Episode #1.303	Episode #1.303	0	\N	\N	\N	Animation,Fantasy
tt17890328	tvEpisode	Episode #1.304	Episode #1.304	0	\N	\N	\N	Animation,Fantasy
tt17890330	tvEpisode	Episode #1.305	Episode #1.305	0	\N	\N	\N	Animation,Fantasy
tt17890332	tvEpisode	Episode #1.306	Episode #1.306	0	\N	\N	\N	Animation,Fantasy
tt17890334	tvEpisode	Episode #1.307	Episode #1.307	0	\N	\N	\N	Animation,Fantasy
tt17890336	tvEpisode	Episode #1.308	Episode #1.308	0	\N	\N	\N	Animation,Fantasy
tt17890338	tvEpisode	Episode #1.309	Episode #1.309	0	\N	\N	\N	Animation,Fantasy
tt17890340	tvEpisode	Episode #1.5	Episode #1.5	0	2022	\N	\N	Drama,Thriller
tt17890342	tvEpisode	Episode #1.310	Episode #1.310	0	\N	\N	\N	Animation,Fantasy
tt17890344	tvEpisode	Episode #1.312	Episode #1.312	0	\N	\N	\N	Animation,Fantasy
tt17890346	tvEpisode	Episode #1.311	Episode #1.311	0	\N	\N	\N	Animation,Fantasy
tt17890348	tvEpisode	Episode #1.314	Episode #1.314	0	\N	\N	\N	Animation,Fantasy
tt17890350	tvEpisode	Episode #1.313	Episode #1.313	0	\N	\N	\N	Animation,Fantasy
tt17890352	tvEpisode	Episode #1.315	Episode #1.315	0	\N	\N	\N	Animation,Fantasy
tt17890354	tvEpisode	Episode #1.316	Episode #1.316	0	\N	\N	\N	Animation,Fantasy
tt17890356	tvEpisode	Episode #1.6	Episode #1.6	0	2022	\N	\N	Drama,Thriller
tt17890358	tvEpisode	Episode #1.317	Episode #1.317	0	\N	\N	\N	Animation,Fantasy
tt17890362	tvEpisode	Episode #1.318	Episode #1.318	0	\N	\N	\N	Animation,Fantasy
tt17890364	tvEpisode	Episode #1.319	Episode #1.319	0	\N	\N	\N	Animation,Fantasy
tt17890366	tvEpisode	Episode #1.320	Episode #1.320	0	\N	\N	\N	Animation,Fantasy
tt17890368	tvEpisode	Episode #1.62	Episode #1.62	0	\N	\N	\N	Animation,Fantasy
tt17890372	tvEpisode	Episode #1.61	Episode #1.61	0	\N	\N	\N	Animation,Fantasy
tt17890374	tvEpisode	Episode #1.63	Episode #1.63	0	\N	\N	\N	Animation,Fantasy
tt17890376	tvEpisode	Episode #1.64	Episode #1.64	0	\N	\N	\N	Animation,Fantasy
tt17890378	tvEpisode	Episode #1.65	Episode #1.65	0	\N	\N	\N	Animation,Fantasy
tt17890380	tvEpisode	Episode #1.66	Episode #1.66	0	\N	\N	\N	Animation,Fantasy
tt17890382	tvEpisode	Episode #1.69	Episode #1.69	0	\N	\N	\N	Animation,Fantasy
tt17890384	tvEpisode	Episode #1.67	Episode #1.67	0	\N	\N	\N	Animation,Fantasy
tt17890386	tvEpisode	Episode #1.68	Episode #1.68	0	\N	\N	\N	Animation,Fantasy
tt17890388	tvEpisode	Episode #1.70	Episode #1.70	0	\N	\N	\N	Animation,Fantasy
tt17890390	tvEpisode	Episode #1.71	Episode #1.71	0	\N	\N	\N	Animation,Fantasy
tt17890392	tvEpisode	Episode #1.72	Episode #1.72	0	\N	\N	\N	Animation,Fantasy
tt17890394	tvEpisode	Episode #1.73	Episode #1.73	0	\N	\N	\N	Animation,Fantasy
tt17890396	tvEpisode	Episode #1.74	Episode #1.74	0	\N	\N	\N	Animation,Fantasy
tt17890398	tvEpisode	Episode #1.75	Episode #1.75	0	\N	\N	\N	Animation,Fantasy
tt17890400	tvEpisode	Episode #1.77	Episode #1.77	0	\N	\N	\N	Animation,Fantasy
tt17890402	tvEpisode	Vila iz Srila	Vila iz Srila	0	2005	\N	\N	Comedy
tt17890404	tvEpisode	Episode #1.76	Episode #1.76	0	\N	\N	\N	Animation,Fantasy
tt17890406	tvEpisode	Episode dated 7 February 2022	Episode dated 7 February 2022	0	2022	\N	\N	News,Talk-Show
tt17890408	tvEpisode	Episode #1.79	Episode #1.79	0	\N	\N	\N	Animation,Fantasy
tt17890410	tvEpisode	Episode #1.78	Episode #1.78	0	\N	\N	\N	Animation,Fantasy
tt17890412	tvEpisode	Episode dated 8 February 2022	Episode dated 8 February 2022	0	2022	\N	\N	News,Talk-Show
tt17890414	tvEpisode	Episode dated 10 February 2022	Episode dated 10 February 2022	0	2022	\N	\N	News,Talk-Show
tt17890416	tvEpisode	Episode dated 9 February 2022	Episode dated 9 February 2022	0	2022	\N	\N	News,Talk-Show
tt17890418	tvEpisode	Episode #1.80	Episode #1.80	0	\N	\N	\N	Animation,Fantasy
tt17890420	tvSeries	Unknown Waters with Jeremy Wade	Unknown Waters with Jeremy Wade	0	2021	\N	50	Adventure
tt17890422	tvEpisode	Episode dated 11 February 2022	Episode dated 11 February 2022	0	2022	\N	\N	News,Talk-Show
tt17890426	tvEpisode	Episode dated 5 February 2022	Episode dated 5 February 2022	0	2022	\N	180	News,Sport,Talk-Show
tt17890428	tvEpisode	Slabo za dobro	Slabo za dobro	0	2005	\N	\N	Comedy
tt17890430	tvEpisode	Episode #1.1322	Episode #1.1322	0	\N	\N	\N	Talk-Show
tt17890432	tvEpisode	Episode #1.1321	Episode #1.1321	0	\N	\N	\N	Talk-Show
tt17890436	tvEpisode	Episode #1.1323	Episode #1.1323	0	\N	\N	\N	Talk-Show
tt17890438	tvEpisode	Episode #1.1324	Episode #1.1324	0	\N	\N	\N	Talk-Show
tt17890440	tvEpisode	The Violet Behind the Ultra	The Violet Behind the Ultra	0	2022	\N	26	Action,Adventure,Comedy
tt17890442	tvEpisode	Episode #1.1325	Episode #1.1325	0	\N	\N	\N	Talk-Show
tt17890444	tvEpisode	Episode #1.1326	Episode #1.1326	0	\N	\N	\N	Talk-Show
tt17890446	tvEpisode	Sril ima vas rad	Sril ima vas rad	0	2005	\N	\N	Comedy
tt17890448	tvEpisode	Episode #1.1327	Episode #1.1327	0	\N	\N	\N	Talk-Show
tt17890450	tvEpisode	Episode #1.1328	Episode #1.1328	0	\N	\N	\N	Talk-Show
tt17890452	tvEpisode	Episode #1.1329	Episode #1.1329	0	\N	\N	\N	Talk-Show
tt17890454	tvEpisode	Episode #1.1331	Episode #1.1331	0	\N	\N	\N	Talk-Show
tt17890456	tvEpisode	Episode #1.1330	Episode #1.1330	0	\N	\N	\N	Talk-Show
tt17890458	tvEpisode	Episode #1.1334	Episode #1.1334	0	\N	\N	\N	Talk-Show
tt17890460	tvEpisode	Episode #1.1333	Episode #1.1333	0	\N	\N	\N	Talk-Show
tt17890462	tvEpisode	Episode #1.1332	Episode #1.1332	0	\N	\N	\N	Talk-Show
tt17890464	tvEpisode	Episode #1.1335	Episode #1.1335	0	\N	\N	\N	Talk-Show
tt17890466	tvEpisode	Episode #1.1336	Episode #1.1336	0	\N	\N	\N	Talk-Show
tt17890468	tvEpisode	Episode #1.1337	Episode #1.1337	0	\N	\N	\N	Talk-Show
tt17890470	tvEpisode	Episode #1.1338	Episode #1.1338	0	\N	\N	\N	Talk-Show
tt17890472	tvEpisode	Episode #1.17	Episode #1.17	0	2020	\N	\N	Adventure,Comedy
tt17890474	tvEpisode	Episode #1.1339	Episode #1.1339	0	\N	\N	\N	Talk-Show
tt17890476	tvEpisode	Episode #1.18	Episode #1.18	0	2020	\N	\N	Adventure,Comedy
tt17890478	tvEpisode	Episode #1.1340	Episode #1.1340	0	\N	\N	\N	Talk-Show
tt17890480	tvEpisode	Videz vara nepoucene	Videz vara nepoucene	0	2005	\N	\N	Comedy
tt17890482	tvEpisode	Episode #1.1061	Episode #1.1061	0	\N	\N	\N	Talk-Show
tt17890484	tvEpisode	Episode #1.1062	Episode #1.1062	0	\N	\N	\N	Talk-Show
tt17890486	tvEpisode	Episode #1.19	Episode #1.19	0	2020	\N	\N	Adventure,Comedy
tt17890488	tvEpisode	Episode #1.1063	Episode #1.1063	0	\N	\N	\N	Talk-Show
tt17890490	tvEpisode	Episode #1.1064	Episode #1.1064	0	\N	\N	\N	Talk-Show
tt17890492	tvEpisode	Episode #1.20	Episode #1.20	0	2020	\N	\N	Adventure,Comedy
tt17890494	tvEpisode	Episode #1.1065	Episode #1.1065	0	\N	\N	\N	Talk-Show
tt17890496	tvEpisode	Episode #1.1066	Episode #1.1066	0	\N	\N	\N	Talk-Show
tt17890498	tvEpisode	Episode #1.1067	Episode #1.1067	0	\N	\N	\N	Talk-Show
tt17890500	tvEpisode	Episode #1.1068	Episode #1.1068	0	\N	\N	\N	Talk-Show
tt17890502	tvEpisode	Episode #1.1069	Episode #1.1069	0	\N	\N	\N	Talk-Show
tt17890504	tvEpisode	Episode #1.21	Episode #1.21	0	2020	\N	\N	Adventure,Comedy
tt17890506	tvEpisode	Manj das vec veljas	Manj das vec veljas	0	2005	\N	\N	Comedy
tt17890508	tvEpisode	Episode #1.1070	Episode #1.1070	0	\N	\N	\N	Talk-Show
tt17890510	tvEpisode	Episode #1.1071	Episode #1.1071	0	\N	\N	\N	Talk-Show
tt17890512	tvEpisode	Episode #1.22	Episode #1.22	0	2020	\N	\N	Adventure,Comedy
tt17890514	tvEpisode	Episode #1.1072	Episode #1.1072	0	\N	\N	\N	Talk-Show
tt17890516	tvEpisode	Episode #3.2	Episode #3.2	0	2023	\N	\N	Animation,Comedy
tt17890518	tvEpisode	Episode #1.1073	Episode #1.1073	0	\N	\N	\N	Talk-Show
tt17890520	tvEpisode	It's Only Four!	It's Only Four!	0	2021	\N	\N	Animation
tt17890522	tvEpisode	Episode #1.1074	Episode #1.1074	0	\N	\N	\N	Talk-Show
tt17890524	tvEpisode	Z glavo v nabavo	Z glavo v nabavo	0	2005	\N	\N	Comedy
tt17890526	tvEpisode	Episode #1.1075	Episode #1.1075	0	\N	\N	\N	Talk-Show
tt17890528	tvEpisode	Episode #1.1076	Episode #1.1076	0	\N	\N	\N	Talk-Show
tt17890530	tvEpisode	Episode #1.1077	Episode #1.1077	0	\N	\N	\N	Talk-Show
tt17890532	tvEpisode	Episode #1.1078	Episode #1.1078	0	\N	\N	\N	Talk-Show
tt17890534	tvEpisode	Episode #1.1079	Episode #1.1079	0	\N	\N	\N	Talk-Show
tt17890536	tvEpisode	Episode #1.1080	Episode #1.1080	0	\N	\N	\N	Talk-Show
tt17890540	tvEpisode	Episode #1.23	Episode #1.23	0	2020	\N	\N	Adventure,Comedy
tt17890542	tvEpisode	Episode dated 7 February 2022	Episode dated 7 February 2022	0	2022	\N	\N	News
tt17890544	tvEpisode	Zivljenje je smrtno nevarno	Zivljenje je smrtno nevarno	0	2005	\N	\N	Comedy
tt17890546	tvEpisode	Episode dated 8 February 2022	Episode dated 8 February 2022	0	2022	\N	\N	News
tt17890548	tvEpisode	Episode #1.24	Episode #1.24	0	2020	\N	\N	Adventure,Comedy
tt17890550	tvEpisode	Episode dated 9 February 2022	Episode dated 9 February 2022	0	2022	\N	\N	News
tt17890552	tvEpisode	Workin' Boy	Workin' Boy	0	2021	\N	\N	Animation
tt17890554	tvEpisode	Episode dated 10 February 2022	Episode dated 10 February 2022	0	2022	\N	\N	News
tt17890556	tvEpisode	Episode #1.25	Episode #1.25	0	2020	\N	\N	Adventure,Comedy
tt17890558	tvEpisode	You Like Me! You Really Like Me!	You Like Me! You Really Like Me!	0	2022	\N	\N	Action,Adventure,Comedy
tt17890560	tvEpisode	Episode #1.861	Episode #1.861	0	\N	\N	\N	Talk-Show
tt17890562	tvEpisode	Episode #1.862	Episode #1.862	0	\N	\N	\N	Talk-Show
tt17890564	tvEpisode	Episode dated 11 February 2022	Episode dated 11 February 2022	0	2022	\N	\N	News
tt17890566	tvEpisode	Episode #1.864	Episode #1.864	0	\N	\N	\N	Talk-Show
tt17890568	tvEpisode	Episode #1.863	Episode #1.863	0	\N	\N	\N	Talk-Show
tt17890570	tvEpisode	Episode #1.865	Episode #1.865	0	\N	\N	\N	Talk-Show
tt17890572	tvEpisode	Episode #1.26	Episode #1.26	0	2020	\N	\N	Adventure,Comedy
tt17890574	tvEpisode	Episode #1.866	Episode #1.866	0	\N	\N	\N	Talk-Show
tt17890576	tvEpisode	Episode #1.867	Episode #1.867	0	\N	\N	\N	Talk-Show
tt17890578	tvEpisode	Episode #1.868	Episode #1.868	0	\N	\N	\N	Talk-Show
tt17890580	tvEpisode	Episode #1.27	Episode #1.27	0	2020	\N	\N	Adventure,Comedy
tt17890582	tvEpisode	Episode #1.870	Episode #1.870	0	\N	\N	\N	Talk-Show
tt17890584	tvEpisode	Episode #1.869	Episode #1.869	0	\N	\N	\N	Talk-Show
tt17890586	tvEpisode	Episode #1.871	Episode #1.871	0	\N	\N	\N	Talk-Show
tt17890588	tvEpisode	Episode #1.28	Episode #1.28	0	2020	\N	\N	Adventure,Comedy
tt17890590	tvEpisode	Episode #1.872	Episode #1.872	0	\N	\N	\N	Talk-Show
tt17890592	tvEpisode	Episode #1.874	Episode #1.874	0	\N	\N	\N	Talk-Show
tt17890594	tvEpisode	Episode #1.873	Episode #1.873	0	\N	\N	\N	Talk-Show
tt17890596	tvEpisode	Episode #1.875	Episode #1.875	0	\N	\N	\N	Talk-Show
tt17890598	tvEpisode	14/09/2021	14/09/2021	0	2021	\N	191	Comedy,Talk-Show
tt17890600	tvEpisode	Episode #1.877	Episode #1.877	0	\N	\N	\N	Talk-Show
tt17890602	tvEpisode	Episode #1.876	Episode #1.876	0	\N	\N	\N	Talk-Show
tt17890604	tvEpisode	The Birthday Fiasco	The Birthday Fiasco	0	2021	\N	\N	Animation
tt17890606	tvEpisode	Episode #1.878	Episode #1.878	0	\N	\N	\N	Talk-Show
tt17890608	tvEpisode	Episode #1.29	Episode #1.29	0	2020	\N	\N	Adventure,Comedy
tt17890610	tvEpisode	Episode #1.879	Episode #1.879	0	\N	\N	\N	Talk-Show
tt17890614	tvEpisode	Episode #1.880	Episode #1.880	0	\N	\N	\N	Talk-Show
tt17890616	tvEpisode	Episode #1.601	Episode #1.601	0	\N	\N	\N	Talk-Show
tt17890618	tvEpisode	Episode #1.30	Episode #1.30	0	2020	\N	\N	Adventure,Comedy
tt17890620	tvEpisode	Episode #1.602	Episode #1.602	0	\N	\N	\N	Talk-Show
tt17890622	tvEpisode	The Whatinining	The Whatinining	0	2021	\N	\N	Animation
tt17890624	tvEpisode	Episode #1.603	Episode #1.603	0	\N	\N	\N	Talk-Show
tt17890626	tvEpisode	Episode #1.604	Episode #1.604	0	\N	\N	\N	Talk-Show
tt17890628	tvEpisode	Episode #1.605	Episode #1.605	0	\N	\N	\N	Talk-Show
tt17890632	tvEpisode	Episode #1.606	Episode #1.606	0	\N	\N	\N	Talk-Show
tt17890634	tvEpisode	Episode #1.607	Episode #1.607	0	\N	\N	\N	Talk-Show
tt17890636	tvEpisode	Episode #1.608	Episode #1.608	0	\N	\N	\N	Talk-Show
tt17890640	tvEpisode	Episode #1.609	Episode #1.609	0	\N	\N	\N	Talk-Show
tt17890642	tvEpisode	1 Hour and 20 minutes Away	1 Hour and 20 minutes Away	0	2021	\N	\N	Animation
tt17890644	tvEpisode	Episode #1.610	Episode #1.610	0	\N	\N	\N	Talk-Show
tt17890646	tvEpisode	Episode #1.611	Episode #1.611	0	\N	\N	\N	Talk-Show
tt17890648	tvEpisode	Episode #1.612	Episode #1.612	0	\N	\N	\N	Talk-Show
tt17890650	tvEpisode	Episode #1.614	Episode #1.614	0	\N	\N	\N	Talk-Show
tt17890652	tvEpisode	Episode #1.613	Episode #1.613	0	\N	\N	\N	Talk-Show
tt17890654	tvEpisode	Episode #1.615	Episode #1.615	0	\N	\N	\N	Talk-Show
tt17890656	tvEpisode	Episode #1.616	Episode #1.616	0	\N	\N	\N	Talk-Show
tt17890658	tvEpisode	Not Yet Raa Raa!	Not Yet Raa Raa!	0	2022	\N	\N	Animation,Family
tt17890660	tvEpisode	Episode #1.617	Episode #1.617	0	\N	\N	\N	Talk-Show
tt17890666	tvEpisode	Episode #1.618	Episode #1.618	0	\N	\N	\N	Talk-Show
tt17890668	tvEpisode	Episode #1.619	Episode #1.619	0	\N	\N	\N	Talk-Show
tt17890670	tvEpisode	Episode #1.620	Episode #1.620	0	\N	\N	\N	Talk-Show
tt17890672	tvEpisode	Emmitt Smith	Emmitt Smith	0	2021	\N	\N	Documentary
tt17890674	tvEpisode	Episode #1.361	Episode #1.361	0	\N	\N	\N	Talk-Show
tt17890676	tvEpisode	Aromat zolota	Aromat zolota	0	2022	\N	39	Crime,Drama,Mystery
tt17890678	tvEpisode	Episode #1.362	Episode #1.362	0	\N	\N	\N	Talk-Show
tt17890682	tvEpisode	Episode #1.363	Episode #1.363	0	\N	\N	\N	Talk-Show
tt17890684	tvEpisode	Episode #1.364	Episode #1.364	0	\N	\N	\N	Talk-Show
tt17890686	tvEpisode	Episode #1.365	Episode #1.365	0	\N	\N	\N	Talk-Show
tt17890688	tvEpisode	Episode #1.366	Episode #1.366	0	\N	\N	\N	Talk-Show
tt17890690	tvEpisode	Episode #1.367	Episode #1.367	0	\N	\N	\N	Talk-Show
tt17890692	tvEpisode	Episode #1.368	Episode #1.368	0	\N	\N	\N	Talk-Show
tt17890694	tvEpisode	Episode #1.369	Episode #1.369	0	\N	\N	\N	Talk-Show
tt17890696	tvEpisode	Episode #1.370	Episode #1.370	0	\N	\N	\N	Talk-Show
tt17890702	tvEpisode	Episode #1.371	Episode #1.371	0	\N	\N	\N	Talk-Show
tt17890704	tvEpisode	Episode #1.373	Episode #1.373	0	\N	\N	\N	Talk-Show
tt17890706	tvEpisode	Episode #1.372	Episode #1.372	0	\N	\N	\N	Talk-Show
tt17890708	tvEpisode	Episode #1.374	Episode #1.374	0	\N	\N	\N	Talk-Show
tt17890710	tvEpisode	Episode #1.375	Episode #1.375	0	\N	\N	\N	Talk-Show
tt17890712	tvEpisode	Episode #1.377	Episode #1.377	0	\N	\N	\N	Talk-Show
tt17890714	tvEpisode	Episode #1.376	Episode #1.376	0	\N	\N	\N	Talk-Show
tt17890716	tvEpisode	Episode #1.378	Episode #1.378	0	\N	\N	\N	Talk-Show
tt17890718	tvEpisode	Episode #1.379	Episode #1.379	0	\N	\N	\N	Talk-Show
tt17890720	tvEpisode	Episode #2.26	Episode #2.26	0	2022	\N	\N	News,Talk-Show
tt17890722	tvEpisode	Episode #1.380	Episode #1.380	0	\N	\N	\N	Talk-Show
tt17890724	tvEpisode	Episode #1.101	Episode #1.101	0	\N	\N	\N	Talk-Show
tt17890726	tvEpisode	Episode #2.27	Episode #2.27	0	2022	\N	\N	News,Talk-Show
tt17890728	tvEpisode	Episode #2.28	Episode #2.28	0	2022	\N	\N	News,Talk-Show
tt17890730	tvEpisode	Episode #1.102	Episode #1.102	0	\N	\N	\N	Talk-Show
tt17890732	tvEpisode	Episode #2.29	Episode #2.29	0	2022	\N	\N	News,Talk-Show
tt17890734	tvEpisode	Episode #1.103	Episode #1.103	0	\N	\N	\N	Talk-Show
tt17890736	tvEpisode	Episode #1.104	Episode #1.104	0	\N	\N	\N	Talk-Show
tt17890738	tvEpisode	Episode #1.105	Episode #1.105	0	\N	\N	\N	Talk-Show
tt17890740	tvEpisode	Episode #2.30	Episode #2.30	0	2022	\N	\N	News,Talk-Show
tt17890742	tvEpisode	Episode #1.107	Episode #1.107	0	\N	\N	\N	Talk-Show
tt17890744	tvEpisode	Episode #1.106	Episode #1.106	0	\N	\N	\N	Talk-Show
tt17890746	tvEpisode	Episode #1.108	Episode #1.108	0	\N	\N	\N	Talk-Show
tt17890748	tvEpisode	Episode #1.109	Episode #1.109	0	\N	\N	\N	Talk-Show
tt17890750	tvEpisode	Episode #1.110	Episode #1.110	0	\N	\N	\N	Talk-Show
tt17890752	tvEpisode	Episode #1.111	Episode #1.111	0	\N	\N	\N	Talk-Show
tt17890754	tvEpisode	Episode #1.113	Episode #1.113	0	\N	\N	\N	Talk-Show
tt17890756	tvEpisode	Episode #1.112	Episode #1.112	0	\N	\N	\N	Talk-Show
tt17890758	tvEpisode	Episode #1.114	Episode #1.114	0	\N	\N	\N	Talk-Show
tt17890760	tvEpisode	Episode #1.115	Episode #1.115	0	\N	\N	\N	Talk-Show
tt17890762	tvEpisode	Episode #1.116	Episode #1.116	0	\N	\N	\N	Talk-Show
tt17890764	tvEpisode	Episode #1.118	Episode #1.118	0	\N	\N	\N	Talk-Show
tt17890766	tvEpisode	Episode #1.117	Episode #1.117	0	\N	\N	\N	Talk-Show
tt17890768	tvEpisode	Episode #1.119	Episode #1.119	0	\N	\N	\N	Talk-Show
tt17890770	tvEpisode	Episode #1.120	Episode #1.120	0	\N	\N	\N	Talk-Show
tt17890774	tvEpisode	Marcus Allen	Marcus Allen	0	2021	\N	\N	Documentary
tt17890776	tvSeries	Nur ein Freitag	Nur ein Freitag	0	\N	\N	25	Family,History
tt17890792	tvEpisode	Episode #1.9	Episode #1.9	0	2022	\N	\N	Reality-TV
tt17890794	tvEpisode	Episode dated 7 February 2022	Episode dated 7 February 2022	0	2022	\N	\N	Drama
tt17890796	tvEpisode	Balaji Vishwanath Orders For The Traitor To Be Hanged	Balaji Vishwanath Orders For The Traitor To Be Hanged	0	2022	\N	\N	History
tt17890798	tvEpisode	Episode #1.361	Episode #1.361	0	\N	\N	\N	Drama
tt17890800	tvEpisode	Episode #1.362	Episode #1.362	0	\N	\N	\N	Drama
tt17890808	tvEpisode	Episode #4.31	Episode #4.31	0	2020	\N	\N	Talk-Show
tt17890810	tvEpisode	Episode #1.363	Episode #1.363	0	\N	\N	\N	Drama
tt17890812	tvEpisode	Episode #1.364	Episode #1.364	0	\N	\N	\N	Drama
tt17890814	tvEpisode	Episode #1.367	Episode #1.367	0	\N	\N	\N	Drama
tt17890816	tvEpisode	Malishka Executes Her Plan	Malishka Executes Her Plan	0	2022	\N	\N	Drama
tt17890818	tvEpisode	Episode dated 2 May 2011	Episode dated 2 May 2011	0	2011	\N	\N	News
tt17890820	tvEpisode	Episode #1.366	Episode #1.366	0	\N	\N	\N	Drama
tt17890822	tvEpisode	Episode #1.368	Episode #1.368	0	\N	\N	\N	Drama
tt17890824	tvEpisode	Episode #1.369	Episode #1.369	0	\N	\N	\N	Drama
tt17890826	tvEpisode	Episode #1.370	Episode #1.370	0	\N	\N	\N	Drama
tt17890828	tvEpisode	Episode #1.372	Episode #1.372	0	\N	\N	\N	Drama
tt17890830	tvEpisode	Episode #1.371	Episode #1.371	0	\N	\N	\N	Drama
tt17890832	tvEpisode	Episode #1.10	Episode #1.10	0	2022	\N	\N	Reality-TV
tt17890834	tvEpisode	Episode #1.373	Episode #1.373	0	\N	\N	\N	Drama
tt17890838	tvEpisode	Episode #1.374	Episode #1.374	0	\N	\N	\N	Drama
tt17890840	tvEpisode	Episode #1.375	Episode #1.375	0	\N	\N	\N	Drama
tt17890842	tvEpisode	Episode #1.376	Episode #1.376	0	\N	\N	\N	Drama
tt17890846	tvEpisode	Episode #1.377	Episode #1.377	0	\N	\N	\N	Drama
tt17890850	tvEpisode	Episode #1.378	Episode #1.378	0	\N	\N	\N	Drama
tt17890852	tvEpisode	Episode #1.379	Episode #1.379	0	\N	\N	\N	Drama
tt17890854	tvEpisode	Episode #1.11	Episode #1.11	0	2022	\N	\N	Reality-TV
tt17890856	tvEpisode	Episode #1.380	Episode #1.380	0	\N	\N	\N	Drama
tt17890858	tvEpisode	Episode #1.382	Episode #1.382	0	\N	\N	\N	Drama
tt17890860	tvEpisode	21/09/2021	21/09/2021	0	2021	\N	198	Comedy,Talk-Show
tt17890862	tvEpisode	Episode #1.381	Episode #1.381	0	\N	\N	\N	Drama
tt17890864	tvEpisode	Episode #1.383	Episode #1.383	0	\N	\N	\N	Drama
tt17890868	tvEpisode	Episode #1.384	Episode #1.384	0	\N	\N	\N	Drama
tt17890870	tvEpisode	Episode #1.385	Episode #1.385	0	\N	\N	\N	Drama
tt17890872	tvEpisode	Episode #1.12	Episode #1.12	0	2022	\N	\N	Reality-TV
tt17890876	tvEpisode	Episode #1.386	Episode #1.386	0	\N	\N	\N	Drama
tt17890878	tvEpisode	Episode #1.387	Episode #1.387	0	\N	\N	\N	Drama
tt17890880	tvEpisode	Episode #1.389	Episode #1.389	0	\N	\N	\N	Drama
tt17890884	tvEpisode	Episode #1.388	Episode #1.388	0	\N	\N	\N	Drama
tt17890886	tvEpisode	Episode #1.390	Episode #1.390	0	\N	\N	\N	Drama
tt17890890	tvEpisode	Episode #1.391	Episode #1.391	0	\N	\N	\N	Drama
tt17890892	tvEpisode	Episode #1.392	Episode #1.392	0	\N	\N	\N	Drama
tt17890894	tvEpisode	Episode #1.393	Episode #1.393	0	\N	\N	\N	Drama
tt17890896	tvEpisode	Episode #1.394	Episode #1.394	0	\N	\N	\N	Drama
tt17890898	tvEpisode	Episode #1.13	Episode #1.13	0	2022	\N	\N	Reality-TV
tt17890902	tvEpisode	Episode #1.395	Episode #1.395	0	\N	\N	\N	Drama
tt17890904	tvEpisode	Episode #1.397	Episode #1.397	0	\N	\N	\N	Drama
tt17890906	tvEpisode	Episode #1.396	Episode #1.396	0	\N	\N	\N	Drama
tt17890908	tvEpisode	Episode #1.398	Episode #1.398	0	\N	\N	\N	Drama
tt17890912	tvEpisode	Episode #1.399	Episode #1.399	0	\N	\N	\N	Drama
tt17890918	tvEpisode	Episode #1.14	Episode #1.14	0	2022	\N	\N	Reality-TV
tt17890926	tvEpisode	Episode #1.15	Episode #1.15	0	2022	\N	\N	Reality-TV
tt17890934	tvEpisode	Episode #1.400	Episode #1.400	0	\N	\N	\N	Drama
tt17890936	tvEpisode	Episode #1.401	Episode #1.401	0	\N	\N	\N	Drama
tt17890938	tvEpisode	Episode #1.402	Episode #1.402	0	\N	\N	\N	Drama
tt17890940	tvEpisode	Episode #1.404	Episode #1.404	0	\N	\N	\N	Drama
tt17890942	tvEpisode	Episode #1.403	Episode #1.403	0	\N	\N	\N	Drama
tt17890944	tvEpisode	Episode #1.405	Episode #1.405	0	\N	\N	\N	Drama
tt17890946	tvEpisode	Episode #1.406	Episode #1.406	0	\N	\N	\N	Drama
tt17890948	tvEpisode	Un Gioco da Giganti	Un Gioco da Giganti	0	2022	\N	\N	Animation
tt17890950	tvEpisode	Episode #1.407	Episode #1.407	0	\N	\N	\N	Drama
tt17890952	tvEpisode	Episode #1.408	Episode #1.408	0	\N	\N	\N	Drama
tt17890956	tvEpisode	Episode #1.409	Episode #1.409	0	\N	\N	\N	Drama
tt17890966	tvEpisode	Episode #4.32	Episode #4.32	0	2020	\N	\N	Talk-Show
tt17890970	tvEpisode	Lakshmi Helps Rishi With His Ring	Lakshmi Helps Rishi With His Ring	0	2022	\N	\N	Drama
tt17890972	tvEpisode	Episode #1.2	Episode #1.2	0	2009	\N	\N	Drama
tt17890974	tvEpisode	Episode #1.3	Episode #1.3	0	2009	\N	\N	Drama
tt17890976	tvEpisode	Episode #1.4	Episode #1.4	0	\N	\N	\N	Drama
tt17890978	tvEpisode	Episode #1.5	Episode #1.5	0	\N	\N	\N	Drama
tt17890980	tvEpisode	Episode #1.6	Episode #1.6	0	\N	\N	\N	Drama
tt17890982	tvEpisode	Episode #1.7	Episode #1.7	0	\N	\N	\N	Drama
tt17890984	tvEpisode	Episode #1.8	Episode #1.8	0	\N	\N	\N	Drama
tt17890986	tvEpisode	Episode #1.9	Episode #1.9	0	\N	\N	\N	Drama
tt17890988	tvEpisode	Rishi Talks To Lakshmi	Rishi Talks To Lakshmi	0	2022	\N	\N	Drama
tt17890990	tvEpisode	Episode #1.10	Episode #1.10	0	\N	\N	\N	Drama
tt17890992	tvEpisode	Episode #1.11	Episode #1.11	0	\N	\N	\N	Drama
tt17890994	tvEpisode	Episode dated 4 February 2022	Episode dated 4 February 2022	0	2022	\N	\N	News
tt17890998	tvEpisode	Episode #1.12	Episode #1.12	0	\N	\N	\N	Drama
tt17891000	tvEpisode	Episode #1.13	Episode #1.13	0	\N	\N	\N	Drama
tt17891002	tvEpisode	Episode #1.15	Episode #1.15	0	\N	\N	\N	Drama
tt17891004	tvEpisode	Episode #1.14	Episode #1.14	0	\N	\N	\N	Drama
tt17891006	tvEpisode	Episode #1.16	Episode #1.16	0	\N	\N	\N	Drama
tt17891010	tvEpisode	Episode #1.17	Episode #1.17	0	\N	\N	\N	Drama
tt17891012	tvEpisode	Episode #1.18	Episode #1.18	0	\N	\N	\N	Drama
tt17891014	tvEpisode	Episode #1.19	Episode #1.19	0	\N	\N	\N	Drama
tt17891016	tvEpisode	Episode #1.20	Episode #1.20	0	\N	\N	\N	Drama
tt17891018	tvEpisode	Episode #1.21	Episode #1.21	0	\N	\N	\N	Drama
tt17891020	tvEpisode	Episode #1.22	Episode #1.22	0	\N	\N	\N	Drama
tt17891024	tvEpisode	Episode #1.23	Episode #1.23	0	\N	\N	\N	Drama
tt17891028	tvEpisode	Episode #1.25	Episode #1.25	0	\N	\N	\N	Drama
tt17891030	tvEpisode	Episode #1.24	Episode #1.24	0	\N	\N	\N	Drama
tt17891032	tvEpisode	Episode #1.26	Episode #1.26	0	\N	\N	\N	Drama
tt17891034	tvEpisode	Episode #1.27	Episode #1.27	0	\N	\N	\N	Drama
tt17891036	tvEpisode	Episode #1.28	Episode #1.28	0	\N	\N	\N	Drama
tt17891038	tvEpisode	Episode #1.29	Episode #1.29	0	\N	\N	\N	Drama
tt17891042	tvEpisode	Episode #1.30	Episode #1.30	0	\N	\N	\N	Drama
tt17891044	tvEpisode	Episode #1.31	Episode #1.31	0	\N	\N	\N	Drama
tt17891046	tvEpisode	Episode #1.32	Episode #1.32	0	\N	\N	\N	Drama
tt17891048	tvEpisode	Episode #1.33	Episode #1.33	0	\N	\N	\N	Drama
tt17891050	tvEpisode	Episode #1.34	Episode #1.34	0	\N	\N	\N	Drama
tt17891052	tvEpisode	Episode #1.35	Episode #1.35	0	\N	\N	\N	Drama
tt17891054	tvEpisode	Episode #1.36	Episode #1.36	0	\N	\N	\N	Drama
tt17891056	tvEpisode	Episode #1.38	Episode #1.38	0	\N	\N	\N	Drama
tt17891058	tvEpisode	Episode #1.37	Episode #1.37	0	\N	\N	\N	Drama
tt17891060	tvEpisode	Episode #1.39	Episode #1.39	0	\N	\N	\N	Drama
tt17891062	tvEpisode	Episode #1.40	Episode #1.40	0	\N	\N	\N	Drama
tt17891066	tvEpisode	Episode #1.3961	Episode #1.3961	0	2021	\N	30	Drama
tt17891070	tvEpisode	Episode #1.3962	Episode #1.3962	0	2021	\N	30	Drama
tt17891074	tvEpisode	Episode #1.3963	Episode #1.3963	0	2021	\N	30	Drama
tt17891076	tvEpisode	Prankster Penis For Stepsis	Prankster Penis For Stepsis	1	2018	\N	\N	Adult
tt17891078	tvEpisode	Episode #1.3964	Episode #1.3964	0	2021	\N	30	Drama
tt17891080	tvEpisode	Episode #1.3965	Episode #1.3965	0	2021	\N	30	Drama
tt17891082	tvEpisode	Episode #1.3966	Episode #1.3966	0	2021	\N	30	Drama
tt17891084	tvEpisode	Episode #1.3967	Episode #1.3967	0	2021	\N	30	Drama
tt17891086	tvEpisode	Episode #1.3968	Episode #1.3968	0	2021	\N	30	Drama
tt17891088	tvEpisode	Episode #1.3969	Episode #1.3969	0	2021	\N	30	Drama
tt17891090	tvEpisode	Episode #1.3970	Episode #1.3970	0	2021	\N	30	Drama
tt17891094	tvEpisode	Episode #1.3972	Episode #1.3972	0	2021	\N	30	Drama
tt17891096	tvEpisode	Episode #1.3973	Episode #1.3973	0	2021	\N	30	Drama
tt17891098	tvEpisode	Episode #1.3971	Episode #1.3971	0	2021	\N	30	Drama
tt17891100	tvEpisode	Episode #1.3974	Episode #1.3974	0	2021	\N	30	Drama
tt17891102	tvEpisode	Episode #1.3975	Episode #1.3975	0	2021	\N	30	Drama
tt17891106	tvEpisode	Episode #1.3976	Episode #1.3976	0	2021	\N	30	Drama
tt17891108	tvEpisode	Episode #1.3977	Episode #1.3977	0	2021	\N	30	Drama
tt17891110	tvEpisode	Episode #1.3978	Episode #1.3978	0	2021	\N	30	Drama
tt17891112	tvEpisode	Episode #1.3979	Episode #1.3979	0	2021	\N	30	Drama
tt17891114	tvEpisode	Episode #1.3980	Episode #1.3980	0	2021	\N	30	Drama
tt17891116	tvEpisode	Episode #1.3741	Episode #1.3741	0	2021	\N	30	Drama
tt17891118	tvEpisode	Episode dated 12 December 2021	Episode dated 12 December 2021	0	2021	\N	\N	Drama
tt17891120	tvEpisode	Episode #1.3742	Episode #1.3742	0	2021	\N	30	Drama
tt17891122	tvEpisode	Episode #1.3743	Episode #1.3743	0	2021	\N	30	Drama
tt17891124	tvEpisode	Episode #1.3744	Episode #1.3744	0	2021	\N	30	Drama
tt17891126	tvEpisode	Episode #1.3745	Episode #1.3745	0	2021	\N	30	Drama
tt17891128	tvEpisode	Episode #1.3746	Episode #1.3746	0	2021	\N	30	Drama
tt17891130	tvEpisode	Episode #1.3747	Episode #1.3747	0	2021	\N	30	Drama
tt17891132	tvEpisode	Episode #1.3748	Episode #1.3748	0	2021	\N	30	Drama
tt17891134	tvEpisode	Episode #1.3749	Episode #1.3749	0	2021	\N	30	Drama
tt17891136	tvEpisode	Episode #1.3750	Episode #1.3750	0	2021	\N	30	Drama
tt17891138	tvEpisode	Episode #1.3751	Episode #1.3751	0	2021	\N	30	Drama
tt17891140	tvEpisode	Episode #1.3752	Episode #1.3752	0	2021	\N	30	Drama
tt17891142	tvEpisode	Episode #5.9	Episode #5.9	0	2022	\N	\N	Action,Crime,Thriller
tt17891146	tvEpisode	Episode #1.3754	Episode #1.3754	0	2021	\N	30	Drama
tt17891150	tvEpisode	Episode #1.3753	Episode #1.3753	0	2021	\N	30	Drama
tt17891152	tvEpisode	Episode #1.3755	Episode #1.3755	0	2021	\N	30	Drama
tt17891154	tvEpisode	Episode #1.3756	Episode #1.3756	0	2021	\N	30	Drama
tt17891156	tvEpisode	Episode #1.3757	Episode #1.3757	0	2021	\N	30	Drama
tt17891158	tvEpisode	Episode #1.3758	Episode #1.3758	0	2021	\N	30	Drama
tt17891160	tvEpisode	Episode #1.3759	Episode #1.3759	0	2021	\N	30	Drama
tt17891162	tvEpisode	Episode #1.3760	Episode #1.3760	0	2021	\N	30	Drama
tt17891164	tvEpisode	Episode #1.3521	Episode #1.3521	0	2021	\N	30	Drama
tt17891166	tvEpisode	Episode #1.3522	Episode #1.3522	0	2021	\N	30	Drama
tt17891168	tvEpisode	Episode #1.3523	Episode #1.3523	0	2021	\N	30	Drama
tt17891170	tvEpisode	Episode #1.3524	Episode #1.3524	0	2021	\N	30	Drama
tt17891174	tvEpisode	Episode #1.3526	Episode #1.3526	0	2021	\N	30	Drama
tt17891176	tvEpisode	Episode #1.3525	Episode #1.3525	0	2021	\N	30	Drama
tt17891178	tvEpisode	Communications	Communications	0	2022	\N	\N	Comedy
tt17891180	tvEpisode	Episode #1.3527	Episode #1.3527	0	2021	\N	30	Drama
tt17891182	tvEpisode	Episode #1.3528	Episode #1.3528	0	2021	\N	30	Drama
tt17891184	tvEpisode	Episode #1.3529	Episode #1.3529	0	2021	\N	30	Drama
tt17891186	tvEpisode	Episode #4.33	Episode #4.33	0	2020	\N	\N	Talk-Show
tt17891188	tvEpisode	Episode #1.3530	Episode #1.3530	0	2021	\N	30	Drama
tt17891190	tvEpisode	Episode #1.3532	Episode #1.3532	0	2021	\N	30	Drama
tt17891192	tvEpisode	Episode #1.3531	Episode #1.3531	0	2021	\N	30	Drama
tt17891194	tvEpisode	Solve For The Variable, XXX	Solve For The Variable, XXX	1	2018	\N	\N	Adult
tt17891196	tvEpisode	Episode #1.3533	Episode #1.3533	0	2021	\N	30	Drama
tt17891198	tvEpisode	Episode #1.3534	Episode #1.3534	0	2021	\N	30	Drama
tt17891200	tvEpisode	Episode #1.3535	Episode #1.3535	0	2021	\N	30	Drama
tt17891202	tvEpisode	Episode #1.3536	Episode #1.3536	0	2021	\N	30	Drama
tt17891204	tvEpisode	Episode #1.3537	Episode #1.3537	0	2021	\N	30	Drama
tt17891206	tvEpisode	Pam & Tommy Interview with Paul Guzman	Pam & Tommy Interview with Paul Guzman	0	2022	\N	\N	Talk-Show
tt17891208	tvEpisode	Episode #1.3538	Episode #1.3538	0	2021	\N	30	Drama
tt17891210	tvEpisode	Episode #1.3539	Episode #1.3539	0	2021	\N	30	Drama
tt17891216	tvEpisode	Episode #1.3540	Episode #1.3540	0	2021	\N	30	Drama
tt17891220	tvEpisode	Pam & Tommy Interview with Mike Seely	Pam & Tommy Interview with Mike Seely	0	2022	\N	\N	Talk-Show
tt17891224	tvSeries	Skärgårdens hjältar	Skärgårdens hjältar	0	2022	2022	\N	Reality-TV
tt17891228	tvEpisode	Episode #1.7861	Episode #1.7861	0	\N	\N	\N	Drama,Romance
tt17891232	tvEpisode	Episode #1.7862	Episode #1.7862	0	\N	\N	\N	Drama,Romance
tt17891234	tvEpisode	Reacher Interview with Gavin White	Reacher Interview with Gavin White	0	2022	\N	\N	Talk-Show
tt17891236	tvEpisode	Episode #1.7864	Episode #1.7864	0	\N	\N	\N	Drama,Romance
tt17891238	tvEpisode	Episode #1.7863	Episode #1.7863	0	\N	\N	\N	Drama,Romance
tt17891240	tvEpisode	Episode #1.7865	Episode #1.7865	0	\N	\N	\N	Drama,Romance
tt17891242	tvEpisode	Episode #1.7866	Episode #1.7866	0	\N	\N	\N	Drama,Romance
tt17891244	tvEpisode	Episode #1.7867	Episode #1.7867	0	\N	\N	\N	Drama,Romance
tt17891246	tvEpisode	Episode #4.1	Episode #4.1	0	2021	\N	27	Talk-Show
tt17891248	tvEpisode	Episode #1.7868	Episode #1.7868	0	\N	\N	\N	Drama,Romance
tt17891250	tvEpisode	Episode #1.7869	Episode #1.7869	0	\N	\N	\N	Drama,Romance
tt17891254	tvEpisode	Episode #1.7870	Episode #1.7870	0	\N	\N	\N	Drama,Romance
tt17891256	tvEpisode	Episode #1.7871	Episode #1.7871	0	\N	\N	\N	Drama,Romance
tt17891258	tvEpisode	Reacher Interview with Chris Webster	Reacher Interview with Chris Webster	0	2022	\N	\N	Talk-Show
tt17891260	tvEpisode	Episode #1.7872	Episode #1.7872	0	\N	\N	\N	Drama,Romance
tt17891262	tvEpisode	Episode #1.7873	Episode #1.7873	0	\N	\N	\N	Drama,Romance
tt17891264	tvEpisode	Episode #4.2	Episode #4.2	0	2021	\N	28	Talk-Show
tt17891266	tvEpisode	Episode #1.7875	Episode #1.7875	0	\N	\N	\N	Drama,Romance
tt17891268	tvEpisode	Episode #1.7874	Episode #1.7874	0	\N	\N	\N	Drama,Romance
tt17891272	tvEpisode	Episode #1.7876	Episode #1.7876	0	\N	\N	\N	Drama,Romance
tt17891274	tvEpisode	Episode #1.7878	Episode #1.7878	0	\N	\N	\N	Drama,Romance
tt17891276	tvEpisode	Episode #1.7877	Episode #1.7877	0	\N	\N	\N	Drama,Romance
tt17891278	tvEpisode	Episode #7.5	Episode #7.5	0	2022	\N	\N	Comedy
tt17891280	tvEpisode	Episode #1.7879	Episode #1.7879	0	\N	\N	\N	Drama,Romance
tt17891282	tvEpisode	Episode #1.7880	Episode #1.7880	0	\N	\N	\N	Drama,Romance
tt17891284	tvEpisode	Episode #4.3	Episode #4.3	0	2021	\N	28	Talk-Show
tt17891286	tvEpisode	Episode #1.7881	Episode #1.7881	0	\N	\N	\N	Drama,Romance
tt17891288	tvEpisode	Episode #1.7883	Episode #1.7883	0	\N	\N	\N	Drama,Romance
tt17891290	tvEpisode	Human Resources	Human Resources	0	2022	\N	\N	Comedy
tt17891292	tvEpisode	Episode #1.7884	Episode #1.7884	0	\N	\N	\N	Drama,Romance
tt17891294	tvEpisode	Episode #1.7885	Episode #1.7885	0	\N	\N	\N	Drama,Romance
tt17891296	tvEpisode	Episode #1.7886	Episode #1.7886	0	\N	\N	\N	Drama,Romance
tt17891298	tvEpisode	Episode #4.4	Episode #4.4	0	2021	\N	27	Talk-Show
tt17891300	tvEpisode	Episode #1.7887	Episode #1.7887	0	\N	\N	\N	Drama,Romance
tt17891302	tvEpisode	Episode #1.7888	Episode #1.7888	0	\N	\N	\N	Drama,Romance
tt17891304	tvEpisode	Rock Bottom	Rock Bottom	0	2014	\N	\N	Drama,Romance
tt17891308	tvEpisode	Episode #1.7889	Episode #1.7889	0	\N	\N	\N	Drama,Romance
tt17891310	tvEpisode	Episode #1.7890	Episode #1.7890	0	\N	\N	\N	Drama,Romance
tt17891312	tvEpisode	Episode #1.7891	Episode #1.7891	0	\N	\N	\N	Drama,Romance
tt17891314	tvEpisode	Episode #4.5	Episode #4.5	0	2021	\N	27	Talk-Show
tt17891316	tvEpisode	Episode #1.7893	Episode #1.7893	0	\N	\N	\N	Drama,Romance
tt17891318	tvEpisode	Episode #1.7892	Episode #1.7892	0	\N	\N	\N	Drama,Romance
tt17891320	tvEpisode	Episode #1.7894	Episode #1.7894	0	\N	\N	\N	Drama,Romance
tt17891322	tvEpisode	Episode #1.7895	Episode #1.7895	0	\N	\N	\N	Drama,Romance
tt17891326	tvEpisode	Episode #1.7897	Episode #1.7897	0	\N	\N	\N	Drama,Romance
tt17891328	tvEpisode	Episode #1.7896	Episode #1.7896	0	\N	\N	\N	Drama,Romance
tt17891330	tvEpisode	Episode #4.6	Episode #4.6	0	2021	\N	28	Talk-Show
tt17891332	tvEpisode	Secret Song	Secret Song	0	2022	\N	\N	Musical
tt17891334	tvEpisode	Episode #1.7898	Episode #1.7898	0	\N	\N	\N	Drama,Romance
tt17891336	tvEpisode	Episode #1.7899	Episode #1.7899	0	\N	\N	\N	Drama,Romance
tt17891338	tvEpisode	Episode #1.7900	Episode #1.7900	0	\N	\N	\N	Drama,Romance
tt17891340	tvEpisode	Episode #1.7901	Episode #1.7901	0	\N	\N	\N	Drama,Romance
tt17891342	tvEpisode	Episode #1.7902	Episode #1.7902	0	\N	\N	\N	Drama,Romance
tt17891344	tvEpisode	Episode #4.7	Episode #4.7	0	2021	\N	27	Talk-Show
tt17891346	tvEpisode	Episode #1.7904	Episode #1.7904	0	\N	\N	\N	Drama,Romance
tt17891348	tvEpisode	Episode #1.7906	Episode #1.7906	0	\N	\N	\N	Drama,Romance
tt17891350	tvEpisode	Episode #1.7907	Episode #1.7907	0	\N	\N	\N	Drama,Romance
tt17891352	tvEpisode	Episode #1.7908	Episode #1.7908	0	\N	\N	\N	Drama,Romance
tt17891354	tvEpisode	Episode #1.7909	Episode #1.7909	0	\N	\N	\N	Drama,Romance
tt17891366	tvEpisode	Episode #1.7910	Episode #1.7910	0	\N	\N	\N	Drama,Romance
tt17891394	tvEpisode	Episode #1.7911	Episode #1.7911	0	\N	\N	\N	Drama,Romance
tt17891412	tvEpisode	Episode #4.8	Episode #4.8	0	2021	\N	28	Talk-Show
tt17891472	tvEpisode	Episode #1.7912	Episode #1.7912	0	\N	\N	\N	Drama,Romance
tt17891484	tvEpisode	Episode #1.7913	Episode #1.7913	0	\N	\N	\N	Drama,Romance
tt17891492	tvEpisode	Episode #1.7914	Episode #1.7914	0	\N	\N	\N	Drama,Romance
tt17891572	tvEpisode	Episode #1.7916	Episode #1.7916	0	\N	\N	\N	Drama,Romance
tt17891598	tvEpisode	Perfect Fit	Perfect Fit	0	2022	\N	\N	Musical
tt17891626	tvEpisode	Episode #1.7918	Episode #1.7918	0	\N	\N	\N	Drama,Romance
tt17891646	tvEpisode	Episode #1.7917	Episode #1.7917	0	\N	\N	\N	Drama,Romance
tt17891666	tvEpisode	Episode #1.7919	Episode #1.7919	0	\N	\N	\N	Drama,Romance
tt17891682	tvEpisode	Episode #1.7920	Episode #1.7920	0	\N	\N	\N	Drama,Romance
tt17891712	tvEpisode	Episode #1.7921	Episode #1.7921	0	\N	\N	\N	Drama,Romance
tt17891716	tvEpisode	Episode #1.7922	Episode #1.7922	0	\N	\N	\N	Drama,Romance
tt17891722	tvEpisode	Psychology	Psychology	0	2022	\N	\N	Comedy
tt17891742	tvEpisode	Episode #4.9	Episode #4.9	0	2021	\N	28	Talk-Show
tt17891826	tvEpisode	Episode #1.7927	Episode #1.7927	0	\N	\N	\N	Drama,Romance
tt17891832	tvEpisode	Episode #1.7926	Episode #1.7926	0	\N	\N	\N	Drama,Romance
tt17891836	tvEpisode	Episode #1.7923	Episode #1.7923	0	\N	\N	\N	Drama,Romance
tt17891862	tvEpisode	Episode #4.10	Episode #4.10	0	2021	\N	27	Talk-Show
tt17891888	tvEpisode	Episode #1.7929	Episode #1.7929	0	\N	\N	\N	Drama,Romance
tt17891912	tvEpisode	Episode #1.7924	Episode #1.7924	0	\N	\N	\N	Drama,Romance
tt17891916	tvEpisode	Episode #1.7925	Episode #1.7925	0	\N	\N	\N	Drama,Romance
tt17891946	tvEpisode	Episode #1.7930	Episode #1.7930	0	\N	\N	\N	Drama,Romance
tt17891952	tvEpisode	Episode #1.7928	Episode #1.7928	0	\N	\N	\N	Drama,Romance
tt17891972	tvEpisode	Episode #1.7934	Episode #1.7934	0	\N	\N	\N	Drama,Romance
tt17892048	tvEpisode	Episode #1.7931	Episode #1.7931	0	\N	\N	\N	Drama,Romance
tt17892104	tvEpisode	Episode #1.7933	Episode #1.7933	0	\N	\N	\N	Drama,Romance
tt17892110	tvEpisode	Episode #1.7937	Episode #1.7937	0	\N	\N	\N	Drama,Romance
tt17892130	tvEpisode	Episode #1.7932	Episode #1.7932	0	\N	\N	\N	Drama,Romance
tt17892174	tvEpisode	Episode #1.7936	Episode #1.7936	0	\N	\N	\N	Drama,Romance
tt17892202	tvEpisode	Episode #1.7939	Episode #1.7939	0	\N	\N	\N	Drama,Romance
tt17892218	tvEpisode	Episode #1.7935	Episode #1.7935	0	\N	\N	\N	Drama,Romance
tt17892302	tvEpisode	Episode #1.7938	Episode #1.7938	0	\N	\N	\N	Drama,Romance
tt17892346	tvEpisode	Episode #1.7940	Episode #1.7940	0	\N	\N	\N	Drama,Romance
tt17892524	tvEpisode	Episode #1.3201	Episode #1.3201	0	\N	\N	\N	Game-Show,Reality-TV
tt17892790	tvEpisode	Episode #1.3204	Episode #1.3204	0	\N	\N	\N	Game-Show,Reality-TV
tt17892846	tvEpisode	Episode #1.3203	Episode #1.3203	0	\N	\N	\N	Game-Show,Reality-TV
tt17892860	tvEpisode	Episode #1.3205	Episode #1.3205	0	\N	\N	\N	Game-Show,Reality-TV
tt17892914	tvEpisode	Episode #1.3202	Episode #1.3202	0	\N	\N	\N	Game-Show,Reality-TV
tt17892916	tvEpisode	Episode #1.3209	Episode #1.3209	0	\N	\N	\N	Game-Show,Reality-TV
tt17892950	tvEpisode	Episode #1.3206	Episode #1.3206	0	\N	\N	\N	Game-Show,Reality-TV
tt17892974	tvEpisode	To Lizaki	To Lizaki	0	1987	\N	103	Comedy,Drama
tt17892980	tvEpisode	Episode #1.3242	Episode #1.3242	0	\N	\N	\N	Game-Show,Reality-TV
tt17893024	tvEpisode	April, May and June, Len Barry, Terry Knight, Bobbi Martin, The McCoys, Barry McGuire, Billy Joe Royal, The Sharptones, Sonny and Cher	April, May and June, Len Barry, Terry Knight, Bobbi Martin, The McCoys, Barry McGuire, Billy Joe Royal, The Sharptones, Sonny and Cher	0	1966	\N	\N	Music
tt17893092	tvEpisode	Episode #1.3240	Episode #1.3240	0	\N	\N	\N	Game-Show,Reality-TV
tt17893174	tvEpisode	Episode #1.3207	Episode #1.3207	0	\N	\N	\N	Game-Show,Reality-TV
tt17893192	tvEpisode	Episode #1.3244	Episode #1.3244	0	\N	\N	\N	Game-Show,Reality-TV
tt17893198	tvEpisode	Episode #1.3208	Episode #1.3208	0	\N	\N	\N	Game-Show,Reality-TV
tt17893240	tvEpisode	Episode #1.3245	Episode #1.3245	0	\N	\N	\N	Game-Show,Reality-TV
tt17893328	tvEpisode	Episode #1.3241	Episode #1.3241	0	\N	\N	\N	Game-Show,Reality-TV
tt17893372	tvEpisode	Episode #1.3243	Episode #1.3243	0	\N	\N	\N	Game-Show,Reality-TV
tt17893378	tvEpisode	Episode #1.3246	Episode #1.3246	0	\N	\N	\N	Game-Show,Reality-TV
tt17893400	tvEpisode	Episode #1.3247	Episode #1.3247	0	\N	\N	\N	Game-Show,Reality-TV
tt17893436	tvEpisode	Episode #1.3254	Episode #1.3254	0	\N	\N	\N	Game-Show,Reality-TV
tt17893482	tvEpisode	It's Time for DeQuarius To Move On	It's Time for DeQuarius To Move On	0	2022	\N	\N	Comedy
tt17893504	tvEpisode	Episode #1.3257	Episode #1.3257	0	\N	\N	\N	Game-Show,Reality-TV
tt17893538	tvEpisode	Episode #1.3248	Episode #1.3248	0	\N	\N	\N	Game-Show,Reality-TV
tt17893558	tvEpisode	Episode #1.3252	Episode #1.3252	0	\N	\N	\N	Game-Show,Reality-TV
tt17893666	tvEpisode	Episode #1.3249	Episode #1.3249	0	\N	\N	\N	Game-Show,Reality-TV
tt17893786	tvEpisode	Episode #1.3258	Episode #1.3258	0	\N	\N	\N	Game-Show,Reality-TV
tt17893796	tvEpisode	Episode #1.3253	Episode #1.3253	0	\N	\N	\N	Game-Show,Reality-TV
tt17893840	tvEpisode	Episode #1.3250	Episode #1.3250	0	\N	\N	\N	Game-Show,Reality-TV
tt17893862	tvEpisode	Episode #1.3251	Episode #1.3251	0	\N	\N	\N	Game-Show,Reality-TV
tt17893906	tvEpisode	Episode #1.3255	Episode #1.3255	0	\N	\N	\N	Game-Show,Reality-TV
tt17893950	tvEpisode	Episode #1.3256	Episode #1.3256	0	\N	\N	\N	Game-Show,Reality-TV
tt17893974	tvEpisode	Episode #1.3259	Episode #1.3259	0	\N	\N	\N	Game-Show,Reality-TV
tt17894678	tvEpisode	Episode #1.403	Episode #1.403	0	\N	\N	\N	Family,Reality-TV
tt17894704	tvEpisode	Episode dated 7 December 2015	Episode dated 7 December 2015	0	2015	\N	\N	News
tt17894726	tvEpisode	Episode #1.404	Episode #1.404	0	\N	\N	\N	Family,Reality-TV
tt17894744	tvEpisode	Episode #1.408	Episode #1.408	0	\N	\N	\N	Family,Reality-TV
tt17894754	tvEpisode	Episode #1.402	Episode #1.402	0	\N	\N	\N	Family,Reality-TV
tt17894758	tvEpisode	Episode #1.401	Episode #1.401	0	\N	\N	\N	Family,Reality-TV
tt17894802	tvEpisode	Episode #1.405	Episode #1.405	0	\N	\N	\N	Family,Reality-TV
tt17894844	tvEpisode	Episode #1.407	Episode #1.407	0	\N	\N	\N	Family,Reality-TV
tt17894862	tvEpisode	Episode #1.415	Episode #1.415	0	\N	\N	\N	Family,Reality-TV
tt17894874	tvEpisode	Episode #1.409	Episode #1.409	0	\N	\N	\N	Family,Reality-TV
tt17894908	tvEpisode	Episode #1.410	Episode #1.410	0	\N	\N	\N	Family,Reality-TV
tt17894910	tvEpisode	Episode #1.406	Episode #1.406	0	\N	\N	\N	Family,Reality-TV
tt17894912	tvEpisode	Episode #1.417	Episode #1.417	0	\N	\N	\N	Family,Reality-TV
tt17894916	tvEpisode	Episode #1.412	Episode #1.412	0	\N	\N	\N	Family,Reality-TV
tt17894918	tvEpisode	Episode #1.414	Episode #1.414	0	\N	\N	\N	Family,Reality-TV
tt17894960	tvEpisode	Episode #1.411	Episode #1.411	0	\N	\N	\N	Family,Reality-TV
tt17895014	tvEpisode	Episode #1.413	Episode #1.413	0	\N	\N	\N	Family,Reality-TV
tt17895078	tvEpisode	Episode #1.416	Episode #1.416	0	\N	\N	\N	Family,Reality-TV
tt17895104	tvEpisode	Episode #1.418	Episode #1.418	0	\N	\N	\N	Family,Reality-TV
tt17895146	tvSeries	Dezelica PimPan	Dezelica PimPan	0	2010	2011	\N	Animation
tt17895192	tvEpisode	Episode #1.419	Episode #1.419	0	\N	\N	\N	Family,Reality-TV
tt17895234	tvEpisode	Episode #1.420	Episode #1.420	0	\N	\N	\N	Family,Reality-TV
tt17895570	tvEpisode	Episode #1.2	Episode #1.2	0	2020	\N	\N	Drama
tt17895602	tvEpisode	Episode #1.5	Episode #1.5	0	2020	\N	\N	Drama
tt17895638	tvEpisode	Episode #1.3	Episode #1.3	0	2020	\N	\N	Drama
tt17895662	tvEpisode	Episode #1.7	Episode #1.7	0	\N	\N	\N	Drama
tt17895750	tvEpisode	Episode #1.6	Episode #1.6	0	\N	\N	\N	Drama
tt17895758	tvEpisode	Episode #1.4	Episode #1.4	0	2020	\N	\N	Drama
tt17895976	tvEpisode	Episode #1.12	Episode #1.12	0	\N	\N	\N	Drama
tt17895982	tvEpisode	Episode #1.8	Episode #1.8	0	\N	\N	\N	Drama
tt17896050	tvEpisode	Episode #1.14	Episode #1.14	0	\N	\N	\N	Drama
tt17896082	tvEpisode	Episode #1.16	Episode #1.16	0	\N	\N	\N	Drama
tt17896184	tvEpisode	Episode #1.13	Episode #1.13	0	\N	\N	\N	Drama
tt17896236	tvEpisode	Episode #1.15	Episode #1.15	0	\N	\N	\N	Drama
tt17896244	tvEpisode	Episode #1.17	Episode #1.17	0	\N	\N	\N	Drama
tt17896252	tvEpisode	Episode #1.9	Episode #1.9	0	\N	\N	\N	Drama
tt17896276	tvEpisode	Episode #1.11	Episode #1.11	0	\N	\N	\N	Drama
tt17896322	tvEpisode	Episode #1.10	Episode #1.10	0	\N	\N	\N	Drama
tt17896336	tvEpisode	Episode #1.18	Episode #1.18	0	\N	\N	\N	Drama
tt17896352	tvEpisode	Episode #1.19	Episode #1.19	0	\N	\N	\N	Drama
tt17896404	tvEpisode	Episode #1.24	Episode #1.24	0	\N	\N	\N	Drama
tt17896410	tvEpisode	Episode #1.23	Episode #1.23	0	\N	\N	\N	Drama
tt17896552	tvEpisode	Episode #1.25	Episode #1.25	0	\N	\N	\N	Drama
tt17896706	tvEpisode	Episode #1.22	Episode #1.22	0	\N	\N	\N	Drama
tt17896774	tvEpisode	Episode #1.20	Episode #1.20	0	\N	\N	\N	Drama
tt17896786	tvEpisode	Episode #1.21	Episode #1.21	0	\N	\N	\N	Drama
tt17896896	tvEpisode	Episode #1.27	Episode #1.27	0	\N	\N	\N	Drama
tt17896916	tvEpisode	Episode #1.26	Episode #1.26	0	\N	\N	\N	Drama
tt17896924	tvEpisode	04. feb. 2022 kl. 09:20	04. feb. 2022 kl. 09:20	0	2022	\N	\N	News
tt17897020	tvEpisode	03. feb. 2022 kl. 05:00	03. feb. 2022 kl. 05:00	0	2022	\N	\N	News
tt17897024	tvEpisode	04. feb. 2022 kl. 06:00	04. feb. 2022 kl. 06:00	0	2022	\N	\N	News
tt17897028	tvEpisode	04. feb. 2022 kl. 05:00	04. feb. 2022 kl. 05:00	0	2022	\N	\N	News
tt17897030	tvEpisode	06. feb. 2022 kl. 12:50	06. feb. 2022 kl. 12:50	0	2022	\N	\N	News
tt17897034	tvEpisode	04. feb. 2022 kl. 05:30	04. feb. 2022 kl. 05:30	0	2022	\N	\N	News
tt17897052	tvEpisode	03. feb. 2022 kl. 10:55	03. feb. 2022 kl. 10:55	0	2022	\N	\N	News
tt17897056	tvEpisode	01. feb. 2022 kl. 05:30	01. feb. 2022 kl. 05:30	0	2022	\N	\N	News
tt17897082	tvEpisode	31. jan. 2022 kl. 09:00	31. jan. 2022 kl. 09:00	0	2022	\N	\N	News
tt17897092	tvEpisode	01. feb. 2022 kl. 05:00	01. feb. 2022 kl. 05:00	0	2022	\N	\N	News
tt17897102	tvEpisode	02. feb. 2022 kl. 09:20	02. feb. 2022 kl. 09:20	0	2022	\N	\N	News
tt17897106	tvEpisode	04. feb. 2022 kl. 17:00	04. feb. 2022 kl. 17:00	0	2022	\N	\N	News
tt17897112	tvEpisode	Episode #2.363	Episode #2.363	0	2021	\N	\N	Family
tt17897128	tvEpisode	06. feb. 2022 kl. 21:40	06. feb. 2022 kl. 21:40	0	2022	\N	\N	News
tt17897130	tvEpisode	05. feb. 2022 kl. 21:00 - Mot Viken-opplosning	05. feb. 2022 kl. 21:00 - Mot Viken-opplosning	0	2022	\N	\N	News
tt17897140	tvEpisode	02. feb. 2022 kl. 06:00	02. feb. 2022 kl. 06:00	0	2022	\N	\N	News
tt17897148	tvEpisode	31. jan. 2022 kl. 17:00	31. jan. 2022 kl. 17:00	0	2022	\N	\N	News
tt17897166	tvEpisode	Episode dated 21 November 2018	Episode dated 21 November 2018	0	2018	\N	\N	News
tt17897178	tvEpisode	31. jan. 2022 kl. 09:20	31. jan. 2022 kl. 09:20	0	2022	\N	\N	News
tt17897200	tvEpisode	03. feb. 2022 kl. 14:15	03. feb. 2022 kl. 14:15	0	2022	\N	\N	News
tt17897206	tvEpisode	02. feb. 2022 kl. 05:30	02. feb. 2022 kl. 05:30	0	2022	\N	\N	News
tt17897208	tvEpisode	02. feb. 2022 kl. 05:00	02. feb. 2022 kl. 05:00	0	2022	\N	\N	News
tt17897216	tvEpisode	The Strongest Sage Makes Allies	The Strongest Sage Makes Allies	0	2022	\N	\N	Adventure,Animation,Fantasy
tt17897222	tvEpisode	The Boss Men, Dey & Knight, Ronnie Dove, Dolly Parton, Paul Revere & the Raiders, Ian Whitcomb	The Boss Men, Dey & Knight, Ronnie Dove, Dolly Parton, Paul Revere & the Raiders, Ian Whitcomb	0	1966	\N	\N	Music
tt17897232	tvEpisode	31. jan. 2022 kl. 06:00	31. jan. 2022 kl. 06:00	0	2022	\N	\N	News
tt17897234	tvEpisode	31. jan. 2022 kl. 12:00	31. jan. 2022 kl. 12:00	0	2022	\N	\N	News
tt17897258	tvEpisode	Episode #2.371	Episode #2.371	0	2021	\N	\N	Family
tt17897264	tvEpisode	04. feb. 2022	04. feb. 2022	0	2022	\N	\N	Talk-Show
tt17897288	tvEpisode	05. feb. 2022 kl. 06:00	05. feb. 2022 kl. 06:00	0	2022	\N	\N	News
tt17897302	tvEpisode	05. feb. 2022 kl. 02:00	05. feb. 2022 kl. 02:00	0	2022	\N	\N	News
tt17897310	tvEpisode	01. feb. 2022 kl. 02:00	01. feb. 2022 kl. 02:00	0	2022	\N	\N	News
tt17897318	tvEpisode	03. feb. 2022 kl. 20:55 - Mote med Taliban	03. feb. 2022 kl. 20:55 - Mote med Taliban	0	2022	\N	\N	News
tt17897330	tvEpisode	06. feb. 2022 kl. 21:00 - Dagsrevyen for utlandet under OL	06. feb. 2022 kl. 21:00 - Dagsrevyen for utlandet under OL	0	2022	\N	\N	News
tt17897352	tvEpisode	03. feb. 2022 kl. 09:00	03. feb. 2022 kl. 09:00	0	2022	\N	\N	News
tt17897358	tvEpisode	05. feb. 2022 kl. 11:50	05. feb. 2022 kl. 11:50	0	2022	\N	\N	News
tt17897378	tvEpisode	03. feb. 2022 kl. 05:30	03. feb. 2022 kl. 05:30	0	2022	\N	\N	News
tt17897398	tvEpisode	01. feb. 2022 kl. 17:00	01. feb. 2022 kl. 17:00	0	2022	\N	\N	News
tt17897404	tvEpisode	31. jan. 2022 kl. 05:30	31. jan. 2022 kl. 05:30	0	2022	\N	\N	News
tt17897410	tvEpisode	31. jan. 2022 kl. 05:00	31. jan. 2022 kl. 05:00	0	2022	\N	\N	News
tt17897420	tvEpisode	Episode #2.366	Episode #2.366	0	2021	\N	\N	Family
tt17897428	tvEpisode	01. feb. 2022 kl. 09:20	01. feb. 2022 kl. 09:20	0	2022	\N	\N	News
tt17897430	tvEpisode	01. feb. 2022 kl. 12:00	01. feb. 2022 kl. 12:00	0	2022	\N	\N	News
tt17897450	tvEpisode	03. feb. 2022 kl. 06:00	03. feb. 2022 kl. 06:00	0	2022	\N	\N	News
tt17897452	tvEpisode	02. feb. 2022 kl. 02:00	02. feb. 2022 kl. 02:00	0	2022	\N	\N	News
tt17897454	tvEpisode	Episode #2.367	Episode #2.367	0	2021	\N	\N	Family
tt17897466	tvEpisode	04. feb. 2022 - Forsoker a redde gutt	04. feb. 2022 - Forsoker a redde gutt	0	2022	\N	\N	News
tt17897480	tvEpisode	06. feb. 2022 kl. 15:00	06. feb. 2022 kl. 15:00	0	2022	\N	\N	News
tt17897490	tvEpisode	03. feb. 2022 kl. 09:55 - Pressekonferanse Gjerdrum kommune	03. feb. 2022 kl. 09:55 - Pressekonferanse Gjerdrum kommune	0	2022	\N	\N	News
tt17897492	tvEpisode	01. feb. 2022 kl. 09:00	01. feb. 2022 kl. 09:00	0	2022	\N	\N	News
tt17897500	tvEpisode	04. feb. 2022 kl. 09:00	04. feb. 2022 kl. 09:00	0	2022	\N	\N	News
tt17897504	tvEpisode	01. feb. 2022 kl. 06:00	01. feb. 2022 kl. 06:00	0	2022	\N	\N	News
tt17897508	tvEpisode	04. feb. 2022 kl. 21:00 - Hard kritikk	04. feb. 2022 kl. 21:00 - Hard kritikk	0	2022	\N	\N	News
tt17897518	tvEpisode	31. jan. 2022 - Fallitterklaering a avlyse eksamen	31. jan. 2022 - Fallitterklaering a avlyse eksamen	0	2022	\N	\N	News
tt17897540	tvEpisode	06. feb. 2022 kl. 06:00	06. feb. 2022 kl. 06:00	0	2022	\N	\N	News
tt17897548	tvEpisode	02. feb. 2022 kl. 17:00	02. feb. 2022 kl. 17:00	0	2022	\N	\N	News
tt17897578	tvEpisode	Episode #2.369	Episode #2.369	0	2021	\N	\N	Family
tt17897602	tvEpisode	06. feb. 2022 kl. 19:00 - 06. feb.srevyen	06. feb. 2022 kl. 19:00 - 06. feb.srevyen	0	2022	\N	\N	News
tt17897634	tvEpisode	05. feb. 2022 kl. 15:00	05. feb. 2022 kl. 15:00	0	2022	\N	\N	News
tt17897640	tvEpisode	06. feb. 2022 kl. 02:00	06. feb. 2022 kl. 02:00	0	2022	\N	\N	News
tt17897644	tvEpisode	02. feb. - IS-terroristenes barn	02. feb. - IS-terroristenes barn	0	2022	\N	\N	Documentary,News
tt17897646	tvEpisode	02. feb. 2022 kl. 12:00	02. feb. 2022 kl. 12:00	0	2022	\N	\N	News
tt17897658	tvEpisode	Episode #2.374	Episode #2.374	0	2021	\N	\N	Family
tt17897674	tvEpisode	03. feb. 2022 kl. 17:00	03. feb. 2022 kl. 17:00	0	2022	\N	\N	News
tt17897676	tvEpisode	02. feb. 2022 kl. 09:00	02. feb. 2022 kl. 09:00	0	2022	\N	\N	News
tt17897688	tvEpisode	31. jan. 2022 kl. 02:00	31. jan. 2022 kl. 02:00	0	2022	\N	\N	News
tt17897710	tvEpisode	Episode #2.361	Episode #2.361	0	2021	\N	\N	Family
tt17897720	tvEpisode	03. feb. 2022 kl. 15:30	03. feb. 2022 kl. 15:30	0	2022	\N	\N	News
tt17897726	tvEpisode	Episode #2.362	Episode #2.362	0	2021	\N	\N	Family
tt17897734	tvEpisode	31. januar 2022	31. januar 2022	0	2022	\N	\N	News
tt17897746	tvEpisode	05. feb. 2022 kl. 19:00 - To gull i OL-starten	05. feb. 2022 kl. 19:00 - To gull i OL-starten	0	2022	\N	\N	News
tt17897764	tvEpisode	03. feb. 2022	03. feb. 2022	0	2022	\N	\N	Family
tt17897790	tvEpisode	Episode #2.373	Episode #2.373	0	2021	\N	\N	Family
tt17897798	tvEpisode	Episode #2.364	Episode #2.364	0	2021	\N	\N	Family
tt17897810	tvEpisode	03. feb. 2022 - Beordret drapet pa IS-leder	03. feb. 2022 - Beordret drapet pa IS-leder	0	2022	\N	\N	News
tt17897820	tvEpisode	01. feb. 2022	01. feb. 2022	0	2022	\N	\N	Family
tt17897826	tvEpisode	03. feb. 2022 kl. 09:20	03. feb. 2022 kl. 09:20	0	2022	\N	\N	News
tt17897832	tvEpisode	Episode #2.376	Episode #2.376	0	2021	\N	\N	Family
tt17897844	tvEpisode	31. januar 2022	31. januar 2022	0	2022	\N	\N	Family
tt17897846	tvEpisode	04. feb. 2022 kl. 21:00 - Dagsrevyen for utlandet under OL	04. feb. 2022 kl. 21:00 - Dagsrevyen for utlandet under OL	0	2022	\N	\N	News
tt17897854	tvEpisode	01. feb. 2022 - Endringer i restriksjonene	01. feb. 2022 - Endringer i restriksjonene	0	2022	\N	\N	News
tt17897870	tvEpisode	Episode #1.468	Episode #1.468	0	2021	\N	\N	Romance
tt17897874	tvEpisode	04. feb. 2022 kl. 11:30	04. feb. 2022 kl. 11:30	0	2022	\N	\N	News
tt17897878	tvEpisode	02. feb. 2022 - Ny meningsmaling	02. feb. 2022 - Ny meningsmaling	0	2022	\N	\N	News
tt17897906	tvSeries	The Horde	The Horde	0	\N	\N	\N	Comedy
tt17897912	tvEpisode	01. feb. 2022 kl. 19:00 - Regjeringen informerer om endringer	01. feb. 2022 kl. 19:00 - Regjeringen informerer om endringer	0	2022	\N	\N	News
tt17897952	tvEpisode	03. feb. 2022 - Medarbeidere sier opp	03. feb. 2022 - Medarbeidere sier opp	0	2022	\N	\N	News
tt17898002	tvEpisode	06. feb. 2022	06. feb. 2022	0	2022	\N	\N	News
tt17898004	tvEpisode	Episode #2.365	Episode #2.365	0	2021	\N	\N	Family
tt17898022	tvEpisode	Episode #2.379	Episode #2.379	0	2021	\N	\N	Family
tt17898026	tvEpisode	03. feb. 2022 - Er Rodt det nye folkepartiet?	03. feb. 2022 - Er Rodt det nye folkepartiet?	0	2022	\N	\N	News
tt17898040	tvEpisode	Episode #2.368	Episode #2.368	0	2021	\N	\N	Family
tt17898072	tvEpisode	31. jan. 2022 - Nyhetsmorgen	31. jan. 2022 - Nyhetsmorgen	0	2022	\N	\N	News
tt17898090	tvEpisode	01. feb. 2022 - Nyhetsmorgen	01. feb. 2022 - Nyhetsmorgen	0	2022	\N	\N	News
tt17898096	tvEpisode	Episode #2.370	Episode #2.370	0	2021	\N	\N	Family
tt17898124	tvEpisode	Episode #2.372	Episode #2.372	0	2021	\N	\N	Family
tt17898128	tvEpisode	03. feb. 2022 kl. 22:55	03. feb. 2022 kl. 22:55	0	2022	\N	\N	News
tt17898142	tvEpisode	Len Barry, The Changing Times, The Impressions, Lou Rawls, Bobby Goldsboro, The Reasons	Len Barry, The Changing Times, The Impressions, Lou Rawls, Bobby Goldsboro, The Reasons	0	1966	\N	\N	Music
tt17898144	tvEpisode	03. feb. 2022 kl. 22:55	03. feb. 2022 kl. 22:55	0	2022	\N	\N	News
tt17898160	tvEpisode	03. feb. 2022	03. feb. 2022	0	2022	\N	\N	News
tt17898164	tvEpisode	31. jan. 2022 kl. 22:55	31. jan. 2022 kl. 22:55	0	2022	\N	\N	News
tt17898172	tvEpisode	04. feb. 2022 kl. 19:00 - Folk delt om utnevnelsen	04. feb. 2022 kl. 19:00 - Folk delt om utnevnelsen	0	2022	\N	\N	News
tt17898214	tvEpisode	Episode #1.461	Episode #1.461	0	2021	\N	\N	Romance
tt17898216	tvEpisode	Episode #2.375	Episode #2.375	0	2021	\N	\N	Family
tt17898226	tvEpisode	31. jan. 2022 - Hoyt sykefravaer	31. jan. 2022 - Hoyt sykefravaer	0	2022	\N	\N	News
tt17898244	tvEpisode	05. feb. 2022 kl. 21:00 - Dagsrevyen for utlandet under OL	05. feb. 2022 kl. 21:00 - Dagsrevyen for utlandet under OL	0	2022	\N	\N	News
tt17898254	tvEpisode	Episode #2.377	Episode #2.377	0	2021	\N	\N	Family
tt17898284	tvEpisode	Episode #1.463	Episode #1.463	0	2021	\N	\N	Romance
tt17898308	tvEpisode	Episode #2.378	Episode #2.378	0	2021	\N	\N	Family
tt17898312	tvEpisode	Episode #2.380	Episode #2.380	0	2021	\N	\N	Family
tt17898328	tvEpisode	05. feb. 2022 - Hentet ut dod	05. feb. 2022 - Hentet ut dod	0	2022	\N	\N	News
tt17898330	tvEpisode	04. feb. 2022	04. feb. 2022	0	2022	\N	\N	Family
tt17898340	tvSeries	The First Wife	The First Wife	0	2022	\N	35	Drama
tt17898342	tvEpisode	Episode #1.464	Episode #1.464	0	2021	\N	\N	Romance
tt17898356	tvEpisode	Episode #1.465	Episode #1.465	0	2021	\N	\N	Romance
tt17898360	tvEpisode	01. feb. 2022 - Koronalettelser i kveld	01. feb. 2022 - Koronalettelser i kveld	0	2022	\N	\N	News
tt17898384	tvEpisode	02. feb. 2022 - Gjerdrum kommune siktet	02. feb. 2022 - Gjerdrum kommune siktet	0	2022	\N	\N	News
tt17898426	tvEpisode	Episode #1.467	Episode #1.467	0	2021	\N	\N	Romance
tt17898432	tvEpisode	02. feb. 2022	02. feb. 2022	0	2022	\N	\N	Family
tt17898438	tvEpisode	01. feb. 2022 - Regjeringen letter pa tiltakene	01. feb. 2022 - Regjeringen letter pa tiltakene	0	2022	\N	\N	News
tt17898470	tvEpisode	03. feb. 2022 - Politisk kvarter	03. feb. 2022 - Politisk kvarter	0	2022	\N	\N	News
tt17898498	tvEpisode	04. feb. 2022 - Politisk kvarter	04. feb. 2022 - Politisk kvarter	0	2022	\N	\N	News
tt17898526	tvEpisode	01. feb. 2022 - Politisk kvarter	01. feb. 2022 - Politisk kvarter	0	2022	\N	\N	News
tt17898542	tvEpisode	Episode #1.471	Episode #1.471	0	2021	\N	\N	Romance
tt17898592	tvEpisode	02. feb. 2022 - Nyhetsmorgen	02. feb. 2022 - Nyhetsmorgen	0	2022	\N	\N	News
tt17898598	tvEpisode	03. feb. 2022 - Nyhetsmorgen	03. feb. 2022 - Nyhetsmorgen	0	2022	\N	\N	News
tt17898616	tvEpisode	02. feb. 2022	02. feb. 2022	0	2022	\N	\N	News
tt17898644	tvEpisode	Episode #1.473	Episode #1.473	0	2021	\N	\N	Romance
tt17898650	tvEpisode	Episode #1.466	Episode #1.466	0	2021	\N	\N	Romance
tt17898662	tvEpisode	Episode #1.462	Episode #1.462	0	2021	\N	\N	Romance
tt17898664	tvEpisode	Episode #1.474	Episode #1.474	0	2021	\N	\N	Romance
tt17898678	tvEpisode	31. jan. 2022 kl. 19:45	31. jan. 2022 kl. 19:45	0	2022	\N	\N	News
tt17898698	tvEpisode	Episode #1.475	Episode #1.475	0	2021	\N	\N	Romance
tt17898710	tvEpisode	01. feb. 2022 kl. 22:55	01. feb. 2022 kl. 22:55	0	2022	\N	\N	News
tt17898724	tvEpisode	04. feb. 2022	04. feb. 2022	0	2022	\N	\N	News
tt17898726	tvEpisode	04. feb. 2022	04. feb. 2022	0	2022	\N	\N	News
tt17898746	tvEpisode	02. feb. 2022 kl. 19:45	02. feb. 2022 kl. 19:45	0	2022	\N	\N	News
tt17898750	tvEpisode	Episode #1.476	Episode #1.476	0	2021	\N	\N	Romance
tt17898754	tvEpisode	Episode #1.479	Episode #1.479	0	2021	\N	\N	Romance
tt17898774	tvEpisode	04. feb. 2022	04. feb. 2022	0	2022	\N	\N	News
tt17898778	tvEpisode	03. feb. 2022 kl. 22:55	03. feb. 2022 kl. 22:55	0	2022	\N	\N	News
tt17898790	tvEpisode	03. feb. 2022 kl. 19:45	03. feb. 2022 kl. 19:45	0	2022	\N	\N	News
tt17898806	tvEpisode	02. feb. 2022 kl. 22:55	02. feb. 2022 kl. 22:55	0	2022	\N	\N	News
tt17898826	tvEpisode	Episode #1.472	Episode #1.472	0	2021	\N	\N	Romance
tt17898830	tvEpisode	01. feb. 2022 kl. 20:00	01. feb. 2022 kl. 20:00	0	2022	\N	\N	News
tt17898840	tvEpisode	02. feb. 2022 kl. 22:55	02. feb. 2022 kl. 22:55	0	2022	\N	\N	News
tt17898856	tvEpisode	Volga Gambit	Volga Gambit	0	2022	\N	33	Comedy
tt17898866	tvEpisode	Episode #1.469	Episode #1.469	0	2021	\N	\N	Romance
tt17898872	tvEpisode	02. feb. 2022 kl. 19:45	02. feb. 2022 kl. 19:45	0	2022	\N	\N	News
tt17898874	tvEpisode	02. feb. 2022 - Politisk kvarter	02. feb. 2022 - Politisk kvarter	0	2022	\N	\N	News
tt17898886	tvEpisode	03. feb. 2022 kl. 22:55	03. feb. 2022 kl. 22:55	0	2022	\N	\N	News
tt17898890	tvEpisode	Episode #1.470	Episode #1.470	0	2021	\N	\N	Romance
tt17898892	tvEpisode	Episode #1.477	Episode #1.477	0	2021	\N	\N	Romance
tt17898894	tvEpisode	03. feb. 2022 kl. 19:45	03. feb. 2022 kl. 19:45	0	2022	\N	\N	News
tt17898896	tvEpisode	Episode #1.478	Episode #1.478	0	2021	\N	\N	Romance
tt17898916	tvEpisode	31. jan. 2022 - Politisk kvarter	31. jan. 2022 - Politisk kvarter	0	2022	\N	\N	News
tt17898922	tvEpisode	01. feb. 2022 kl. 20:00	01. feb. 2022 kl. 20:00	0	2022	\N	\N	News
tt17898954	tvEpisode	04. feb. 2022	04. feb. 2022	0	2022	\N	\N	News
tt17898970	tvEpisode	04. feb. 2022 - Nyhetsmorgen	04. feb. 2022 - Nyhetsmorgen	0	2022	\N	\N	News
tt17899000	tvEpisode	Episode #1.9176	Episode #1.9176	0	\N	\N	\N	Music,Musical
tt17899028	tvEpisode	Episode #1.9175	Episode #1.9175	0	\N	\N	\N	Music,Musical
tt17899030	tvEpisode	31. jan. 2022 kl. 22:55	31. jan. 2022 kl. 22:55	0	2022	\N	\N	News
tt17899054	tvEpisode	04. feb. 2022	04. feb. 2022	0	2022	\N	\N	News
tt17899084	tvEpisode	01. feb. 2022 kl. 22:55	01. feb. 2022 kl. 22:55	0	2022	\N	\N	News
tt17899088	tvEpisode	Artists & Fandom	Artists & Fandom	0	2020	\N	\N	Comedy,Documentary,Fantasy
tt17899102	tvEpisode	03. feb. 2022 kl. 22:55	03. feb. 2022 kl. 22:55	0	2022	\N	\N	News
tt17899106	tvEpisode	02. feb. 2022 kl. 22:55	02. feb. 2022 kl. 22:55	0	2022	\N	\N	News
tt17899146	tvEpisode	01. feb. 2022 kl. 22:55	01. feb. 2022 kl. 22:55	0	2022	\N	\N	News
tt17899162	tvEpisode	01. feb. 2022 kl. 20:00	01. feb. 2022 kl. 20:00	0	2022	\N	\N	News
tt17899166	tvEpisode	03. feb. 2022 kl. 19:45	03. feb. 2022 kl. 19:45	0	2022	\N	\N	News
tt17899170	tvEpisode	31. jan. 2022 kl. 22:55	31. jan. 2022 kl. 22:55	0	2022	\N	\N	News
tt17899190	tvEpisode	Episode #1.480	Episode #1.480	0	2021	\N	\N	Romance
tt17899198	tvEpisode	03. feb. 2022 kl. 19:45	03. feb. 2022 kl. 19:45	0	2022	\N	\N	News
tt17899208	tvEpisode	31. jan. 2022 kl. 19:45	31. jan. 2022 kl. 19:45	0	2022	\N	\N	News
tt17899214	tvEpisode	31. jan. 2022 kl. 19:45	31. jan. 2022 kl. 19:45	0	2022	\N	\N	News
tt17899232	tvEpisode	Episode dated 22 April 2015	Episode dated 22 April 2015	0	2015	\N	\N	News
tt17899236	tvEpisode	Episode #1.9180	Episode #1.9180	0	\N	\N	\N	Music,Musical
tt17899246	tvEpisode	01. feb. 2022 kl. 20:00	01. feb. 2022 kl. 20:00	0	2022	\N	\N	News
tt17899248	tvEpisode	Episode #1.9162	Episode #1.9162	0	\N	\N	\N	Music,Musical
tt17899270	tvEpisode	04. feb. 2022	04. feb. 2022	0	2022	\N	\N	News
tt17899312	tvEpisode	02. feb. 2022 kl. 19:45	02. feb. 2022 kl. 19:45	0	2022	\N	\N	News
tt17899318	tvEpisode	03. feb. 2022 kl. 19:45	03. feb. 2022 kl. 19:45	0	2022	\N	\N	News
tt17899348	tvEpisode	Episode #1.9161	Episode #1.9161	0	\N	\N	\N	Music,Musical
tt17899350	tvEpisode	02. feb. 2022 kl. 19:45	02. feb. 2022 kl. 19:45	0	2022	\N	\N	News
tt17899352	tvEpisode	Episode #1.9166	Episode #1.9166	0	\N	\N	\N	Music,Musical
tt17899360	tvEpisode	Episode #1.9442	Episode #1.9442	0	\N	\N	\N	Music,Musical
tt17899382	tvEpisode	02. feb. 2022 kl. 19:45	02. feb. 2022 kl. 19:45	0	2022	\N	\N	News
tt17899396	tvEpisode	02. feb. 2022 kl. 22:55	02. feb. 2022 kl. 22:55	0	2022	\N	\N	News
tt17899422	tvEpisode	01. feb. 2022 kl. 22:55	01. feb. 2022 kl. 22:55	0	2022	\N	\N	News
tt17899424	tvEpisode	02. feb. 2022 kl. 19:45	02. feb. 2022 kl. 19:45	0	2022	\N	\N	News
tt17899438	tvEpisode	01. feb. 2022 kl. 22:55	01. feb. 2022 kl. 22:55	0	2022	\N	\N	News
tt17899448	tvEpisode	Episode #1.9171	Episode #1.9171	0	\N	\N	\N	Music,Musical
tt17899458	tvEpisode	03. feb. 2022 kl. 22:55	03. feb. 2022 kl. 22:55	0	2022	\N	\N	News
tt17899462	tvEpisode	04. feb. 2022	04. feb. 2022	0	2022	\N	\N	News
tt17899472	tvEpisode	Episode #1.9174	Episode #1.9174	0	\N	\N	\N	Music,Musical
tt17899474	tvEpisode	Episode #1.9447	Episode #1.9447	0	\N	\N	\N	Music,Musical
tt17899484	tvEpisode	Episode #1.9170	Episode #1.9170	0	\N	\N	\N	Music,Musical
tt17899566	tvEpisode	31. jan. 2022 kl. 22:55	31. jan. 2022 kl. 22:55	0	2022	\N	\N	News
tt17899586	tvEpisode	02. feb. 2022 kl. 22:55	02. feb. 2022 kl. 22:55	0	2022	\N	\N	News
tt17899594	tvEpisode	03. feb. 2022 kl. 19:45	03. feb. 2022 kl. 19:45	0	2022	\N	\N	News
tt17899596	tvEpisode	01. feb. 2022 kl. 22:55	01. feb. 2022 kl. 22:55	0	2022	\N	\N	News
tt17899604	tvEpisode	31. jan. 2022 kl. 19:45	31. jan. 2022 kl. 19:45	0	2022	\N	\N	News
tt17899612	tvEpisode	Episode #1.9167	Episode #1.9167	0	\N	\N	\N	Music,Musical
tt17899702	tvEpisode	Episode #1.9164	Episode #1.9164	0	\N	\N	\N	Music,Musical
tt17899712	tvEpisode	31. jan. 2022 kl. 22:55	31. jan. 2022 kl. 22:55	0	2022	\N	\N	News
tt17899746	tvEpisode	31. jan. 2022 kl. 19:45	31. jan. 2022 kl. 19:45	0	2022	\N	\N	News
tt17899776	tvEpisode	Episode #1.9443	Episode #1.9443	0	\N	\N	\N	Music,Musical
tt17899780	tvEpisode	Episode #1.9172	Episode #1.9172	0	\N	\N	\N	Music,Musical
tt17899794	tvEpisode	Episode #1.9163	Episode #1.9163	0	\N	\N	\N	Music,Musical
tt17899806	tvEpisode	04. feb. 2022	04. feb. 2022	0	2022	\N	\N	News
tt17899828	tvEpisode	Episode #1.9165	Episode #1.9165	0	\N	\N	\N	Music,Musical
tt17899870	tvEpisode	Episode #1.253	Episode #1.253	0	2022	\N	\N	Action,Adventure,Drama
tt17899876	tvEpisode	Episode #1.9448	Episode #1.9448	0	\N	\N	\N	Music,Musical
tt17899886	tvEpisode	Episode #1.9168	Episode #1.9168	0	\N	\N	\N	Music,Musical
tt17899898	tvEpisode	Episode #1.9446	Episode #1.9446	0	\N	\N	\N	Music,Musical
tt17899904	tvEpisode	31. jan. - Oddasat 2022 - nyheter pa samisk	31. jan. - Oddasat 2022 - nyheter pa samisk	0	2022	\N	\N	News
tt17899914	tvEpisode	Episode #1.9169	Episode #1.9169	0	\N	\N	\N	Music,Musical
tt17899924	tvEpisode	05. feb. 2022 - NM innendors	05. feb. 2022 - NM innendors	0	2022	\N	\N	Sport
tt17899956	tvEpisode	02. feb. 2022 kl. 19:45	02. feb. 2022 kl. 19:45	0	2022	\N	\N	News
tt17899966	tvEpisode	03. feb. 2022 kl. 22:55	03. feb. 2022 kl. 22:55	0	2022	\N	\N	News
tt17899974	tvEpisode	02. feb. 2022 kl. 22:55	02. feb. 2022 kl. 22:55	0	2022	\N	\N	News
