nconst	primaryName	birthYear	deathYear	primaryProfession	knownForTitles
nm0988155	Frank Bell	\N	\N	miscellaneous	tt0228199,tt0362423
nm0988157	Christian Bernard	\N	\N	actor	tt0204383
nm0988164	Jim Chapman	\N	\N	visual_effects,assistant_director,script_department	tt0458339,tt0846063,tt0497533,tt0897397
nm0988165	Lee Chong	\N	\N	actor	tt0090326,tt0156231,tt0088580
nm0988171	Gary Dean	\N	\N	actor	tt0083420,tt0079541,tt0075512,tt0149484
nm0988172	Diego Della Valle	\N	\N	actor	tt0068219,tt0068854,tt0210356
nm0988174	François Dupuis	\N	\N	actor	tt0076242
nm0988185	Michael Korda	\N	\N	actor	tt0049996
nm0988187	Marvin Laird	\N	\N	actor	tt0075745
nm0988215	Norma Allen	\N	\N	actress	tt0088645,tt0090898
nm0988218	Kate Burton	\N	\N	camera_department	tt0500183
nm0988221	Roberta Mazzoni	\N	\N		tt0191629
nm0988222	Jennifer Myers	1959	\N	actress	tt0078153
nm0988226	Sheila Walsh	\N	\N	actress	tt0080146
nm0988231	Greg Brown	\N	\N	art_department,camera_department	tt5340300,tt7711170,tt0318761,tt0365265
nm0988232	Keith Chamberlain	\N	\N	actor	tt0376399
nm0988234	David Chevalier	\N	\N	art_department,art_director	tt0267989,tt0159920,tt0279204,tt0323571
nm0988239	David Greig	\N	\N	art_department	tt0272207,tt0117798,tt0118537,tt0118379
nm0988257	Trevor Smith	\N	\N	art_department,special_effects	tt0133093,tt0120863,tt0121765,tt0118929
nm0988267	Stephen Bradshaw	\N	\N	art_director,production_designer,art_department	tt0094535,tt0108967,tt0303496,tt0481449
nm0988272	Jim Johnson	\N	\N	art_director	tt0195343
nm0988293	Steve Hardman	\N	\N	assistant_director	tt0271528,tt0420111,tt0168395,tt0163924
nm0988328	Craig Bryant	\N	\N	composer,music_department	tt0455824,tt0475280,tt13150606,tt0264792
nm0988334	Sean Donnelly	\N	\N	composer,music_department	tt1180348,tt6936350,tt1752076,tt3399916
nm0988351	Cory Taylor	1965	\N	editor,producer,director	tt2782604,tt1374934,tt0367519,tt1039946
nm0988352	Bruce Zimmerman	\N	\N	composer,music_department,soundtrack	tt5176226,tt1483445,tt5376596,tt1160907
nm0988415	Alberto Soria	\N	\N		\N
nm0988425	Gunnar Andersen	\N	\N	art_department,visual_effects,special_effects	tt0129558,tt0108980,tt0083487,tt0162985
nm0988435	Jorge Blanco	\N	\N		\N
nm0988437	Alan Bloom	1906	2005		tt0260618,tt0401936,tt0940039
nm0988446	Rob Carlson	\N	\N		\N
nm0988454	Michelle Cohen	\N	\N	producer	tt0353060
nm0988466	Sarah Dunn	1970	\N	writer,producer,miscellaneous	tt0118506,tt2006848,tt3514886,tt5396394
nm0988471	Esmeralda Grao	\N	\N	music_department,soundtrack,composer	tt0215383,tt0257666,tt0468700,tt1086804
nm0988473	John Fagan	\N	\N	miscellaneous	tt0373926
nm0988475	Charles Frank	\N	\N	actor	tt0389828
nm0988498	Barry Julien	\N	\N	camera_department	tt0293932
nm0988499	Jeffrey Kahn	\N	\N		tt11063952
nm0988502	Kim Kruger	\N	\N	miscellaneous	tt0089523
nm0988508	Andy Langham	\N	\N	music_department,actor	tt1285180,tt2071479,tt0419724,tt7116132
nm0988540	Dana Perry	\N	\N	camera_department	tt0377713,tt0800080,tt0335121,tt0120903
nm0988544	Harold Richter	\N	\N	costume_department	tt0082427,tt0084522
nm0988564	Charlie Thompson	\N	\N	actor	tt0282744
nm0988609	Katherine Taylor	\N	\N	script_department	tt1381528
nm0988620	Suzanne Chapman	\N	\N	producer,miscellaneous,production_manager	tt21098850,tt0220223,tt0478933,tt0138959
nm0988628	Keith Evans	\N	\N	producer,executive	tt0382189,tt0412511,tt0385002,tt0397388
nm0988695	Ed Dolan	1957	2018	sound_department,set_decorator	tt0044265,tt2860376,tt2737690,tt0048845
nm0988711	Russell Berg	\N	\N	stunts	tt0119432
nm0988730	Ken Abraham	\N	\N	producer	tt0409717,tt1314653
nm0988755	Alfredo Díaz	\N	\N	sound_department,music_department,composer	tt3319920,tt2023587,tt1971325,tt4964788
nm0988762	Bert Ford	\N	\N	actor	tt1207050
nm0988763	Frank Fox	\N	\N	writer	tt0044283,tt0062575,tt0055679,tt0047768
nm0988764	Greg Francis	\N	\N	actor	tt0088580,tt0219457,tt0108709,tt0291832
nm0988767	Joe Gunn	\N	\N	actor	tt1114681
nm0988773	Bruce Kane	\N	\N	writer,producer,miscellaneous	tt0077066,tt0074040,tt0088610,tt0092439
nm0988776	Charles Kennedy	1959	2015		tt0101068,tt0224452,tt0443495,tt2211248
nm0988793	Oliver Onions	1873	1961	writer	tt0062574
nm0988803	Antonio Piazza	\N	\N	writer,director,miscellaneous	tt0430422,tt1567676,tt5375434,tt1971514
nm0988835	Ellen Weiss	\N	\N	writer	tt0274728,tt0220895
nm0988836	Jim Wells	\N	\N	camera_department,cinematographer,sound_department	tt1229405,tt0360418,tt0339642,tt1240540
nm0988841	Eivind Aaeng	\N	\N	director,producer	tt8551338,tt9486758,tt0220200,tt0176576
nm0988842	Tor-Ole Aagedal	\N	\N	editorial_department	tt0453383,tt0415023,tt0107121,tt0228871
nm0988843	Arjan Adelerhof	\N	\N	actor	tt0284121
nm0988844	Lenina Adriaenssens	\N	\N	actress	tt0234374,tt0217221
nm0988845	Felipe Barreto Adão	\N	\N	actor	tt0140656
nm0988846	Rachel Affolter	\N	\N	make_up_department,miscellaneous	tt0489270,tt0283203,tt0429422,tt0443567
nm0988847	Frederik Afrikaner	\N	\N	actor	tt0124011
nm0988848	Daren N. Afshar	1971	\N	producer,miscellaneous,manager	tt5725682,tt12708500,tt1945084,tt1185376
nm0988849	Elsa Agalbato	1955	\N	actress	tt0096488,tt0150410
nm0988850	Alicia Aghazarian	\N	\N	miscellaneous	tt0091530,tt0095752
nm0988851	Lina Agifu	1972	\N	actress	tt4922804,tt0208100,tt0327451,tt0144724
nm0988852	Eduardo Aguilar	\N	\N	assistant_director,director,writer	tt0327451,tt0314547,tt0109084,tt0398945
nm0988853	Nozomu Aida	\N	\N	assistant_director	tt0279112
nm0988854	Mac Aikenhead	\N	\N	actor	tt0090899
nm0988856	Harry Akalestos	\N	\N	art_department	tt0246712
nm0988857	Mizuho Akiba	\N	\N	actress	tt0218892
nm0988859	Ted Alben	\N	\N	writer	tt0096554,tt0096528,tt0098957
nm0988860	Stanley Alboum	\N	\N	miscellaneous	tt0138362
nm0988861	Bryan Albright	\N	\N	producer,writer,director	tt1140752,tt0447683,tt1735361
nm0988862	Mariska Alink	\N	\N	production_manager	tt0096597,tt0281434
nm0988863	David P. Allen	1966	\N	visual_effects	tt0424095,tt0251075,tt0181689,tt0126029
nm0988864	Jonah Allison	\N	\N	actor	tt0256394,tt1034302,tt13015662,tt1590961
nm0988865	Charlotte Allum	\N	\N	miscellaneous	tt0218643
nm0988866	Marcelo Almeida	\N	\N	actor	tt0144085
nm0988867	Frank S. Alonzi	1963	\N	actor,writer	tt0426077,tt1674732,tt0280970,tt0447701
nm0988868	Debbie Alsbury	\N	\N	actress	tt0079541
nm0988869	Evelien van Altena	\N	\N	actress	tt0284121
nm0988870	Yaco Alva	\N	\N	actor	tt0154984,tt0077287,tt0097738,tt0085364
nm0988871	Calderon Alvaro	\N	\N	actor	tt0089132
nm0988873	Monica Amadori	\N	\N	transportation_department,miscellaneous	tt0141926,tt0266017
nm0988874	Pablo Amaro	\N	\N	actor	tt0177746,tt0096658,tt1135950
nm0988875	Daisy Amias	\N	\N	actress	tt0088003,tt0077893,tt0240088,tt0825268
nm0988876	Angailica	\N	\N	actress	tt0133246,tt0223128,tt8549740,tt0073604
nm0988877	Chuck Angle	\N	\N	actor,miscellaneous	tt0063680
nm0988878	Berenice Angrémy	\N	\N	actress	tt0072873
nm0988879	Giorgos Antonakis	\N	\N	cinematographer,camera_department,actor	tt0210783,tt0263545,tt0371047,tt0057831
nm0988880	Vana Antonakis	\N	\N	actress	tt0266286
nm0988881	Sidney Antunes	\N	\N	actor	tt0140888
nm0988882	José Antônio Severo	\N	\N	writer,producer,actor	tt0284345,tt2918618,tt2378405,tt1478282
nm0988883	Vinny Appice	1959	\N	actor,soundtrack,composer	tt1284575,tt5574490
nm0988884	Cícero Aragon	\N	\N	director,producer	tt2124732,tt0150416,tt14488764
nm0988885	Renata Aranha	\N	\N	assistant_director	tt0185152
nm0988886	Marcelo Araújo	\N	\N	actor	tt0317248,tt0208100
nm0988887	Baladine Ardant Conversi	1990	\N	assistant_director,director,actress	tt1440345,tt16430052,tt2358891,tt3312830
nm0988888	Gerrie Arends	\N	\N	actress	tt0284121
nm0988889	Arie	\N	\N	actor,composer	tt0284121,tt7466798
nm0988891	Pascale Arrou	\N	\N	costume_designer,costume_department	tt0386139,tt0282515,tt0429031,tt0267163
nm0988892	J. Arten	\N	\N	actor	tt0028014
nm0988893	Jaume Artigues	\N	\N	producer,actor,camera_department	tt0316213,tt0291515,tt0295978,tt0219389
nm0988895	Rita Assemany	\N	\N	actress	tt0140888,tt0291003,tt0286410,tt16027944
nm0988897	Ida Astori	\N	\N	actress	tt0014339
nm0988898	Hughes Athenol	\N	\N	actor	\N
nm0988900	Sven Aune	1920	2006	actor	tt0073796
nm0988901	Pablo Azcona	\N	\N	miscellaneous	tt0091530,tt0095752
nm0988902	Gwen Baak	\N	\N	actress	tt0219710
nm0988904	Andruis Babusis	\N	\N	actor	tt0079910
nm0988905	Luciano Bacchielli	\N	\N	miscellaneous,actor	tt0274407,tt0099726,tt0096488
nm0988906	Marcelo Bacchin	\N	\N	producer,production_manager	tt0284345,tt0442753
nm0988907	Kodiak Bachine	\N	\N	composer	tt3481574,tt0281616,tt2937876
nm0988908	Melissa Bachman-Wood	\N	\N	miscellaneous,actress,producer	tt0276506,tt1935236,tt1663182,tt1291048
nm0988909	Joe Baele	\N	\N	actor	tt0234374
nm0988910	Gwenda Bagshaw	\N	\N	script_department,miscellaneous	tt0324264,tt0406005,tt0105977,tt0096584
nm0988911	Sean Baity	\N	\N	producer,actor,miscellaneous	tt0395764,tt0276506,tt0386040,tt0395268
nm0988912	Zofia Bajkowska	1881	1972	actress	tt0025625,tt0027600,tt0208106
nm0988913	Danielle J. Baker	\N	\N	location_management,miscellaneous,assistant_director	tt0169464,tt0198386,tt0246464,tt0278295
nm0988914	Didier Baland	\N	\N	editorial_department	tt0250151,tt0188318,tt0380791,tt0106042
nm0988917	Heidi Balzer	\N	\N	actress	tt0056959
nm0988918	Fela Bankole	\N	\N	actress,miscellaneous	tt0227479
nm0988919	Matt Bankston	\N	\N	producer,miscellaneous	tt15689870,tt0197646,tt13315664
nm0988920	Diego Baracchini	\N	\N	miscellaneous	tt0091530
nm0988921	Fabiana Barbosa	\N	\N	actress	tt0208100
nm0988922	Adam Bardach	\N	\N	producer,production_manager,camera_department	tt15049206,tt7689484,tt5929776,tt19034522
nm0988923	Loretta Barnett	\N	\N	actress	tt0033806,tt0034862,tt0034745,tt0035370
nm0988925	Ken Barton	1910	1961	actor	tt0030848
nm0988926	Edward P. Bartsch	\N	\N	editor	tt0347351,tt15377090,tt0040807,tt0181275
nm0988927	Erwin Basel	\N	\N	actor	tt0219710
nm0988928	Chrystelle Baudry	\N	\N	miscellaneous,assistant_director,producer	tt1527226,tt0420388,tt3687802,tt0898239
nm0988929	Michael S. Baumohl	1932	\N	miscellaneous,producer	tt0458419,tt0171580,tt0434883,tt0110647
nm0988930	Cherleen Baxter	\N	\N	actress	tt0063680
nm0988931	Michael Bayouth	\N	\N	art_department,actor,writer	tt1674771,tt10121392,tt0316654,tt2070791
nm0988932	Eric Beckstrom	\N	\N	actor	tt0084783
nm0988933	Idit Gideon Ben-Eliyahu	\N	\N	actress	tt0151592
nm0988934	Hadas Ben-Shahal	\N	\N	make_up_department	tt0151592
nm0988935	Felix Benesch	\N	\N	writer	tt0170949,tt0298064,tt1245772,tt1310629
nm0988936	Jean-François Benetière	\N	\N	actor	tt0076242
nm0988939	Harry C. Benson	1911	1987	actor	tt0089132,tt0090488,tt0086712
nm0988941	Zaqueu Bento	\N	\N	actor	tt0132891
nm0988942	Lajos Berger Berend	\N	\N	cinematographer	tt0026576,tt0027072,tt0027243,tt0029392
nm0988943	Cláudio Bernardes	\N	\N	production_designer	tt0188124
nm0988944	Lilio Berti	\N	\N	actor	tt0068940
nm0988945	José-Maria Berzosa	\N	\N	director,actor,writer	tt1686687,tt1898855,tt4707058,tt7407914
nm0988946	Jean Besnard	\N	\N	actor	tt0155885,tt0188130,tt0139756,tt0042621
nm0988947	Holly Betaudier	1925	\N	actor	tt0066299,tt0079222
nm0988948	Gerd Bethke	\N	\N	actor	tt0060845
nm0988949	Bev Bevan	1946	\N	actor,music_department,soundtrack	tt0296320,tt12494574,tt0098411,tt2098622
nm0988950	Billy Big Springs Jr.	\N	\N	miscellaneous	tt0098619
nm0988951	William Bigelow	\N	\N	miscellaneous,writer,producer	tt0221728,tt0112112,tt0285462,tt0101198
nm0988952	Sissel Helle Birkelund	\N	\N	production_manager,actress,script_department	tt0220200,tt8366402,tt0271289,tt8433342
nm0988953	Robert Birnholz	\N	\N	visual_effects,camera_department,miscellaneous	tt0084522,tt0159876,tt0231600
nm0988955	Barley Rose Biswas	\N	\N	costume_department	tt0282667
nm0988957	Sarah Bixel	\N	\N	actress	tt0212543
nm0988958	James Monroe Black	1959	\N	actor	tt0164964,tt0113759,tt0207035,tt0097971
nm0988959	Joseph Blanski	\N	\N	director	tt0125277,tt0197825,tt0128615
nm0988960	Gustawa Blonska	1898	1973	actress	tt0027643
nm0988961	Dermot Blythe	\N	\N	art_department,miscellaneous	tt1183665,tt0281674,tt0249172
nm0988962	Uwe Bläffert	\N	\N	actor	tt0276336
nm0988963	Noëlle Boissonet	\N	\N	actress	tt0210167
nm0988965	Courtney Bolden	\N	\N	actress	tt0256019
nm0988966	A. Bonecki	\N	\N	actor	tt0028014
nm0988967	Onofre Bonesso	\N	\N	production_designer	tt0185152
nm0988969	Matias Boquete	1983	\N	actor	tt0451493,tt0220203
nm0988970	Luiz Borges	\N	\N	director,production_manager	tt0298804,tt0256179
nm0988971	Jean Bori	\N	\N	actor	tt0190995
nm0988972	Jaques Bos	\N	\N	actor	tt0284121
nm0988976	Luis Bowie	\N	\N	camera_department	tt0091530
nm0988977	Charlene Bralver	\N	\N	writer	tt0069599,tt0078558,tt0192896,tt0068067
nm0988978	Todini Brandi	\N	\N	actor	tt0068940
nm0988979	Floris Brandriet	\N	\N		\N
nm0988980	Ivy Bregman	\N	\N	producer,actress	tt2304595,tt12494574,tt14251268,tt14864222
nm0988981	George Brenholtz	\N	\N	actor	tt0195343
nm0988982	Lesley Brennan	\N	\N	make_up_department	tt1071880,tt0337610,tt3922704,tt8851198
nm0988983	Geneviève Briand	\N	\N	camera_department	tt0223028,tt0109539,tt0118077
nm0988984	Delphine Brimbeuf	\N	\N	actress	tt0210167
nm0988985	Déia Brito	\N	\N	art_department,set_decorator	tt7120018,tt0263124,tt4954564,tt0977642
nm0988986	Rhidian Brook	1964	\N	writer	tt1744825,tt1429313,tt0115355,tt5977276
nm0988987	A.A. Brooks	\N	\N	miscellaneous	tt0031843
nm0988988	Merrill Brooks	\N	\N	actor	tt0063980
nm0988989	Bobby Broukhom	\N	\N	miscellaneous	tt0191653
nm0988990	Candace Brown	1976	\N	actress,writer,producer	tt2211129,tt0413573,tt0904627,tt2176287
nm0988991	Dee Robert Brown	\N	\N	cinematographer	tt0069556
nm0988992	Herman Bruggen	1922	1998	actor,writer	tt0231873,tt0338941,tt0252776,tt0337987
nm0988993	Beto Bruno	\N	\N	production_manager,producer,miscellaneous	tt0312773,tt0140888,tt0291003,tt12987918
nm0988994	Jowan Bruyninckx	\N	\N	camera_department,cinematographer,miscellaneous	tt0309725,tt0365194,tt0426037,tt0234374
nm0988995	Robert D. Buchanan	\N	\N	writer,director,producer	tt0482413,tt0280246
nm0988996	Rade Bulatovic	\N	\N	composer	tt0192894,tt0181328
nm0988997	Juris Bunkis	\N	\N	producer	tt0284097
nm0988999	Fulton Burley	1922	2007	actor,soundtrack	tt0046593,tt0396306,tt0377981
nm0989000	Ben Busch	\N	\N	actor	tt0201391,tt0265252,tt0210429,tt0190106
nm0989001	Sam Bushwick	\N	\N	writer	tt0092312
nm0989002	Joeri Busschots	1987	\N	actor	tt0234374,tt1042134,tt0388337,tt0289933
nm0989004	Henning Bystron	\N	\N	actor,production_manager,miscellaneous	tt0063680
nm0989005	Mario Cagnion	\N	\N	actor	tt0063680
nm0989006	Leo Cahn	\N	\N	special_effects	tt3051996,tt0096862,tt0087622,tt0105976
nm0989007	Arnold Calf Boss Ribs	\N	\N	miscellaneous	tt0098619
nm0989008	Ioana Calinescu	\N	\N	actress	tt0038530,tt0041784
nm0989009	Willy Callebaut	\N	\N	production_manager,producer,production_designer	tt0233095,tt0253829,tt0217221,tt0149534
nm0989010	José Eduardo Mendes Camargo	\N	\N	producer	tt0109084
nm0989011	Gideon Camm	\N	\N	actor	tt0124011
nm0989012	Janet Harrell Campbell	\N	\N	writer,producer	tt0283787
nm0989013	Ezio Canesso	\N	\N	miscellaneous	tt0141926
nm0989014	Andrea Brynn Cannon	\N	\N	miscellaneous	tt0284332
nm0989015	Barton Caplan	1968	\N	actor,sound_department,director	tt0207585,tt8707472,tt13846346
nm0989016	Andrew Caple-Shaw	1980	\N	actor	tt0058796,tt0247136,tt0200276,tt0319930
nm0989017	Tommy 'T-Bone' CaraDonna	\N	\N	actor	tt0283868,tt7412464
nm0989018	Pepe Cardenes	\N	\N	actor	tt0115930
nm0989019	Chico Cardoso	\N	\N	actor	tt0215715
nm0989020	Juan Lo Sasso	1985	\N	actor,assistant_director,director	tt6734268,tt3263192,tt12145156,tt1975187
nm0989021	Johnny Carlson	\N	\N	actor	tt0195343
nm0989022	Marcelo Carneiro	\N	\N	actor	tt0140888
nm0989023	Lesli Carpenter	\N	\N	costume_department,miscellaneous	tt0201394,tt0191653
nm0989024	Paul Carpinelli	\N	\N	actor	tt15482744,tt0044265,tt9097152,tt0048860
nm0989025	Jaime Carpintero	\N	\N	art_department	tt0060269,tt0060683
nm0989026	Miguel Angel Casals	\N	\N	make_up_department	tt0183070,tt0076610
nm0989027	Gonzalo Catalan	\N	\N	miscellaneous	tt0091530
nm0989028	Pilar Catalán	\N	\N	camera_department,cinematographer	tt0098970,tt0094068,tt0110568,tt0087933
nm0989029	Cristina Cavalcanti	\N	\N	actress	tt0186437,tt1545313,tt0208100
nm0989030	Leonardo Centeno	1984	\N	actor,producer	tt0328789,tt9414690,tt0220203,tt0810252
nm0989031	Álvaro Pablo Cepeda	\N	\N	miscellaneous	tt0091530
nm0989032	Francisco Cestari	\N	\N	actor	tt0208100
nm0989033	Franklin Chambers	\N	\N	actor	tt0063980
nm0989034	Eddy Chan	\N	\N	actor	tt0201129
nm0989037	Lisa Chape	\N	\N	make_up_department	tt4520906,tt6679794,tt7938588,tt5431890
nm0989038	In-Sook Chappell	\N	\N	actress,writer,director	tt0352520,tt0906734,tt0266987,tt2095645
nm0989039	Tony Charalambous	\N	\N	art_department,production_designer	tt1432226,tt0195234,tt0222666,tt0221563
nm0989040	Mohammad Lamail Chaudhary	\N	\N	actor	\N
nm0989041	Ewa Maria Cherukuru	\N	\N	miscellaneous	tt0255713
nm0989042	Bernie Chertok	\N	\N	miscellaneous	tt0164996,tt0181275
nm0989043	Katy Chevigny	\N	\N	producer,director,sound_department	tt6633182,tt3456090,tt0390190,tt12221748
nm0989044	Eric D. Christensen	1969	\N	visual_effects,executive,producer	tt0212720,tt0163025,tt4630562,tt0121766
nm0989045	Judy Christensen	\N	\N	producer	tt0125727,tt1193452
nm0989047	Chung-Yuet Shui	\N	\N	writer,director,art_director	tt0404680,tt0345868,tt0407410
nm0989048	Trevonne Chung	\N	\N	actor	tt0256394
nm0989049	Robert Church	\N	\N	actor	tt0115397,tt0262985,tt0093208,tt1105712
nm0989051	Ricardo Cifuentes	\N	\N	miscellaneous	tt0091530
nm0989052	Daiana Cincunegui	\N	\N	actress	tt0247851,tt0220203,tt0454065
nm0989054	'Sweetwater' Clifton	1922	1990		tt0292954,tt0047032
nm0989055	Phil Clymer	\N	\N	producer,writer	tt1734537,tt6800884,tt0094525,tt0949779
nm0989056	Sue Coates	\N	\N	costume_department	tt0120735,tt1034389,tt0281674
nm0989057	William Cocklin	\N	\N	actor	tt0063680
nm0989058	Germano Coelho Filho	\N	\N	producer	tt1018710,tt0118674
nm0989059	Valdemir Cesar 'Cesinha' Coelho	\N	\N	camera_department	tt0140888,tt0114651,tt1320253,tt0861689
nm0989060	Janine Coghie	\N	\N	actress	tt0284121
nm0989061	Gabriella Colaiori	\N	\N	costume_designer,costume_department,production_designer	tt0339836,tt0092909,tt0103789,tt0223571
nm0989062	Max Cole	1915	2006	actor	tt0063959
nm0989063	Pierre Colin-Madam	\N	\N	actor	\N
nm0989064	Bertrand Collard	\N	\N	editor,director,writer	tt0263496,tt0352376,tt0452780,tt10880402
nm0989065	Gina Collens	1924	2014	actress	tt0066445,tt0071040
nm0989067	Sérgio Concílio	\N	\N	assistant_director,director	tt0208100,tt4365284
nm0989068	Devron Conrad	\N	\N	miscellaneous,actor,producer	tt0104452,tt0177789,tt0087635,tt0101969
nm0989069	Sophia Constantini	\N	\N	actress,miscellaneous	tt0847897,tt12494574,tt0283805
nm0989070	Marlynne Frierson Cooley	\N	\N	actress,producer,writer	tt16733422,tt5555260,tt0242798,tt21405240
nm0989071	Ine Coormans	\N	\N	art_director	tt0217221,tt0149469
nm0989072	Mikle Copley	\N	\N	actor	tt0124011
nm0989073	Jo Coppens	1936	\N	actor	tt0339265,tt0231873,tt0338938,tt0339202
nm0989075	Lilison T.S. Cordeiro	\N	\N	composer	tt0280222
nm0989078	Liam Corner	\N	\N	miscellaneous,editorial_department	tt0288380,tt0241492,tt0281674,tt1164729
nm0989079	Martin Corullon	\N	\N	production_designer	tt0222760
nm0989080	Patrick Coulais	\N	\N	actor	tt0210167
nm0989081	Cid Coutinho	\N	\N	actor	tt0132891
nm0989082	Tyrus Cox	\N	\N	actor	tt0234407
nm0989083	René Simon Cruz Jr.	\N	\N	producer,miscellaneous,director	tt0091635,tt1550563,tt0086320,tt0321858
nm0989085	Julia Cudihy	\N	\N	miscellaneous	tt0134119,tt0134630
nm0989086	Ken A. Cuneo	\N	\N	camera_department	tt0191653
nm0989087	Telma Cunha	1968	\N	actress	tt0140888,tt0364801,tt0446407,tt0923512
nm0989088	Cecilia Curuchet	1984	\N	actress	tt0220203
nm0989089	Joana Curvo	\N	\N	actress	tt0810934,tt1545313,tt1094262,tt0454879
nm0989090	Elsa Cuvillier	\N	\N	assistant_director,costume_department,production_manager	tt0101152,tt1129442,tt11950864,tt0892518
nm0989091	Jerzy Czaplicki	1902	1992	actor	tt0027643
nm0989092	Kazimierz Czekotowski	1901	1972	actor	tt0028319
nm0989093	Kaio César	\N	\N	actor	tt0393319,tt0208100
nm0989094	Damian D'Aguilar	\N	\N	production_designer,art_department,art_director	tt0372303,tt2396491,tt2176996,tt0256394
nm0989095	Fulvio D'Angelo	\N	\N	actor	tt8118950,tt0204098,tt1047931,tt1454713
nm0989096	Sylvain D'Hautcourt	\N	\N	camera_department,cinematographer	tt6288174,tt0477139,tt0438315,tt3230454
nm0989097	Dante D'Jock	\N	\N	production_manager	tt0209872
nm0989098	D'Monroe	\N	\N	actor	tt3749900,tt0106028,tt0234407,tt0094574
nm0989099	Christian Soares Da Cruz	\N	\N	camera_department	tt5223538,tt0282496
nm0989100	Nya Daigo	\N	\N	actress,miscellaneous	tt0283257,tt0929860
nm0989101	René van Dam	\N	\N		\N
nm0989102	J.P. Dame	\N	\N	art_department,set_decorator,transportation_department	tt0186151,tt1245526,tt1053424,tt0120903
nm0989103	Frøydis Damslora	\N	\N	actress	tt0073796
nm0989104	Karianne Danielsen	\N	\N	camera_department	tt8925022,tt0220200
nm0989106	Ketki Dave	1960	\N	actress,music_department,soundtrack	tt0278212,tt0347304,tt0305173,tt0095429
nm0989107	Scott Davidson	\N	\N	actor	tt0112178,tt0282483,tt0395251,tt8928236
nm0989108	C. Dave Davis	\N	\N	actor	tt0223128
nm0989109	Tara De Bach	\N	\N	actress,miscellaneous	tt0161081,tt0194519
nm0989111	Johnathon de Domenico	\N	\N	costume_department	tt0361411,tt0286499,tt0371878,tt0116631
nm0989112	Nine De Montal	\N	\N	actress	tt0174376,tt0116954,tt0457730,tt14236170
nm0989113	Unni De Presno	\N	\N	director,miscellaneous	tt8435084,tt0220200,tt8553386
nm0989114	Raymond De Roeck	1923	\N	make_up_department,actor	tt0231873,tt0227874,tt0254020,tt0254051
nm0989115	Stephanie De Sykes	\N	\N	soundtrack,actress,music_department	tt0075217,tt0057741,tt0090070,tt8413862
nm0989116	Kris De Wilde	\N	\N	assistant_director	tt0217221
nm0989117	Vera de Winter	\N	\N	actress	tt0056566
nm0989119	Bob DeJournette	\N	\N	actor	tt0079541
nm0989121	Uel Deane	1935	2006	actor	tt0066730
nm0989122	S.K. Decker	\N	\N	miscellaneous	tt0039181
nm0989123	György Deklava	\N	\N	actor	tt0119241
nm0989125	Alain Delafosse	\N	\N	actor	tt12240810,tt0239893,tt0344950,tt0355982
nm0989126	Liljan Delbaere	\N	\N	editor,production_manager	tt0217221,tt0241755
nm0989127	Gilles Deleuze	1925	1995	writer,actor	tt6964778,tt8873396,tt4555248,tt0186159
nm0989128	Cédric Delsaux	\N	\N	actor	tt0423713,tt0317202,tt0172057,tt0304391
nm0989129	Jo Delvaux	\N	\N	actor	tt0292728,tt0231882,tt0292627,tt0252793
nm0989130	Roy Demery	\N	\N	editor,editorial_department	tt0288380,tt0259733,tt0487189,tt15499118
nm0989131	Bonnie Dempsey	\N	\N	camera_department,director,producer	tt9883870,tt0318411,tt0416508,tt8693204
nm0989132	Peter Denomme	\N	\N	visual_effects,producer,production_manager	tt1449283,tt10342730,tt1132626,tt0418819
nm0989133	Phile Deprez	\N	\N	camera_department	tt0217221
nm0989134	André Desbiens	\N	\N	director,editor	tt0060421,tt10484816
nm0989135	Slobodan Despotovski	\N	\N	writer,director,producer	tt5046956,tt2313191,tt0180894,tt1649442
nm0989137	Patrick Devalchien	\N	\N	editorial_department	tt0217221
nm0989138	Francesca Devalier	\N	\N	actress	tt0330509,tt0283511
nm0989140	Gianluca Di Giacomo	\N	\N	camera_department	tt0102586,tt0194727,tt0228516,tt0110707
nm0989141	Federico Dialuce	1984	\N	actor	tt0220203
nm0989142	Brant Didden	\N	\N	camera_department	tt0191653
nm0989144	Kerry Dimmock	\N	\N	actor	tt0119258
nm0989145	Jutta Dinges	1968	\N	make_up_department,miscellaneous	tt4380968,tt0115088,tt1242463,tt0231011
nm0989146	Cathie Diraison	\N	\N	actress	tt0289781,tt0118077
nm0989147	Stanislaw Dobrzanski	\N	\N	writer	tt0441074,tt0052423,tt0177417
nm0989148	Terry Dochnanl	\N	\N	actor	tt0079541
nm0989149	Mauro Dolce	1984	\N	actor	tt0220203
nm0989150	Jean-Marc Doniat	\N	\N	actor	tt0210167
nm0989151	Tony Doran	\N	\N	actor	tt0033255
nm0989153	Jutta Dorn	\N	\N	actress	tt0167950
nm0989154	Thomas W. Dorst Jr.	1974	\N	art_department,art_director,miscellaneous	tt0243907,tt1029139,tt0204174,tt0233656
nm0989156	Josh Drennen	\N	\N	actor	tt7513012,tt11324406,tt2560078,tt12573454
nm0989157	Marlies Drewes	\N	\N	production_designer	tt1096903,tt0168441,tt0108916,tt0092405
nm0989158	Judy Dru	\N	\N	actress	tt0063980
nm0989159	Colmar Duarte	\N	\N	actor	tt0243393,tt0284345
nm0989160	Maria Esther Duckse	1901	\N	actress	tt0058643,tt0201537,tt0198349,tt0193358
nm0989161	Chantal Dudart	\N	\N	actress	tt0284121
nm0989162	Sharona Dudart	\N	\N	actress	tt0284121
nm0989163	Dirk Dugan	\N	\N	art_department	tt0100087,tt0124298,tt0179473,tt0396184
nm0989164	Paul David Dugan	\N	\N	writer	tt0092381
nm0989165	Etienne Dujardin	\N	\N	actor	tt0254055,tt0294601
nm0989166	Darko Duka	\N	\N	miscellaneous	tt0124298
nm0989167	Luis Dulzaides	\N	\N	music_department,actor	tt0468045,tt15223818,tt0115930,tt0203421
nm0989168	Alfreda Farr Dunham	\N	\N	actress	tt1297304,tt1537924,tt2165659,tt0280982
nm0989169	Brett Dunham	1931	\N	actor	tt0057752,tt0073965,tt0363319,tt0373236
nm0989170	Kenneth Dunning	\N	\N	camera_department	tt0084522,tt0080933
nm0989172	Alex Dunseith	\N	\N	stunts	tt0111481
nm0989173	Gabriel Duppel	\N	\N	actor	tt0167950
nm0989174	Tony Dyson	1947	2016	special_effects,miscellaneous,art_department	tt0080360
nm0989175	Elzbieta Dziewonska	1903	1977	actress	tt0152370
nm0989176	Rashel Díaz	1973	\N	manager	tt0488261,tt1282121,tt1244651,tt3053328
nm0989177	Courtney Earlywine	1981	\N	production_manager,editorial_department,actress	tt0190106,tt0112167,tt21235684,tt0285383
nm0989178	Dawn Ebert-Byrnes	\N	\N	producer	tt0240900
nm0989179	Patrick Ecclesine	\N	\N	actor,camera_department,director	tt6227980,tt5867660,tt3107766
nm0989180	Jennifer Edmonds	\N	\N	actress,miscellaneous	tt0227479,tt0417225
nm0989181	Thomas G. Edwards	\N	\N	writer	tt0081859,tt0083447
nm0989182	Tamsin Egerton	1988	\N	actress	tt3381008,tt1638002,tt0444653,tt0964587
nm0989183	Curtis Efoua Ela	\N	\N	actor	tt0118077
nm0989184	Pacific Gas & Electric	\N	\N	soundtrack,actor	tt0462322,tt1028528,tt0066445,tt1674785
nm0989185	Evaldo Eleuteri	\N	\N	miscellaneous	tt0091530
nm0989186	Jack Ellena	1931	2012	actor	tt0044230,tt0055841
nm0989187	Gretchen S. Ellis	\N	\N	writer	tt0069556
nm0989188	Füsun Erbulak	1943	\N	actress	tt0284245,tt0259743,tt7130992,tt0407846
nm0989189	Jesse James Erchbamer	\N	\N	actor	tt0119258,tt0172031
nm0989190	Dora Erthal	\N	\N	miscellaneous,assistant_director,production_manager	tt0183044,tt0195291,tt0188124,tt0190821
nm0989192	Abdel-Aziz Essayed	1972	\N	actor	tt1053857,tt1780701,tt0304807,tt3306898
nm0989193	Stephanie Etevenon	\N	\N	camera_department	tt0273519
nm0989195	Myriam Eygenraam	\N	\N	production_manager	tt0234374,tt0266017
nm0989197	J.C. Falcón	1969	\N	director,writer,assistant_director	tt4696310,tt4201534,tt14598140,tt0772892
nm0989198	Ramona Falk	\N	\N	make_up_department	tt0063980
nm0989199	Wolfgang Fandrich	\N	\N	production_manager,producer,editor	tt16359822,tt0382485,tt6454474,tt0206858
nm0989203	Geire Kami	1974	\N	actress	tt1024232,tt0096581,tt0108792,tt0445229
nm0989204	Nancy Faulkner	\N	\N	writer	tt0077031,tt0074042
nm0989205	Christian Fauntleroy	\N	\N	producer,miscellaneous,assistant_director	tt0190590,tt0258463,tt3377796,tt0186014
nm0989206	Eliane Faussat	\N	\N	actress	tt0118077
nm0989207	Ubaldo Fazi	\N	\N	actor	tt0207390,tt11693564,tt0207292,tt0462715
nm0989208	Evelin Fehér	\N	\N	actress	tt0123381
nm0989209	Jordan Fennell	\N	\N	actor	tt0174388,tt0256394,tt0375411,tt0323754
nm0989210	Tyson Fennell	\N	\N	actor	tt0375411,tt0377092,tt0368688,tt0256394
nm0989211	Miklós Fenyõ	1947	\N	soundtrack,composer,writer	tt0089074,tt1224369,tt0143171,tt0396886
nm0989212	Mouncey Ferguson	\N	\N	actor,producer,writer	tt1626139,tt0386054,tt3772700,tt0299586
nm0989214	Roby Ferrante	1942	1966	soundtrack	tt0058325,tt0191629,tt0158879
nm0989215	Mathilde Ferro	1906	1990	writer	tt0042141,tt0056758,tt0058796,tt0047756
nm0989216	Theodore Ferro	1924	2003	writer	tt0042141,tt0056758,tt0047756,tt0058796
nm0989217	Team Filmka	\N	\N	stunts	tt0141926
nm0989218	Mitchell Finlay	\N	\N	actor	tt0256019
nm0989219	Pål Finne	\N	\N	production_manager,assistant_director,miscellaneous	tt8050150,tt0220200,tt8435084,tt0276693
nm0989220	Dean Finnie	\N	\N	actor,writer	tt0064618,tt0260914
nm0989221	Anne Fiskaa	\N	\N	make_up_department	tt0271289,tt6862000,tt9490806,tt0220200
nm0989222	Debbie Fleming	\N	\N	actress,soundtrack	tt0115111,tt0166432,tt0207933,tt2564998
nm0989223	Georgina Flodd	\N	\N	art_department	tt0281674
nm0989224	Pablo Flores	\N	\N	producer,miscellaneous,actor	tt16481820,tt0451501,tt7077616,tt5820976
nm0989225	Agnes Floyd	\N	\N	actress	tt0033255
nm0989226	B. Folanski	\N	\N	actor	tt0027600
nm0989227	Ferenc Foltányi	\N	\N	actor	tt0123381
nm0989229	Marina Forero	\N	\N	camera_department,costume_department,costume_designer	tt0485618,tt0484740,tt0091530
nm0989230	Rod Forgay	\N	\N	camera_department,miscellaneous	tt1273241,tt1343103,tt0266102,tt0197072
nm0989231	Horacio Formoso	\N	\N	actor	tt0220203
nm0989232	Maurity Fornazaro	\N	\N	actor	tt0208100
nm0989234	Gian Franco Di Mena	\N	\N	actor	tt0220203
nm0989235	Blanche Franklin	\N	\N	writer	tt0062575
nm0989236	Vinícius França	\N	\N	producer,composer	tt2459968,tt0190821,tt0188124
nm0989238	Sydney Frayne	\N	\N	actor	tt0012804
nm0989239	Walter W. Freeman	\N	\N	producer	tt0229456
nm0989240	Rossine A. Freitas	\N	\N	production_manager,producer	tt5635808,tt10759006,tt0212897,tt1278336
nm0989241	Julia French	\N	\N	production_designer	tt0068069
nm0989242	Joseph Frephies	\N	\N	actor	tt0229456
nm0989243	Rose Freymuth-Frazier	\N	\N	actress	tt0190106
nm0989244	Dominick Frigo	\N	\N		\N
nm0989245	James Fritzhand	\N	\N	writer,script_department,miscellaneous	tt0081863,tt0084981,tt0081858,tt0085032
nm0989246	Roberto Frontali	\N	\N	actor	tt0263331,tt0475063,tt14987236,tt0312674
nm0989247	Angèle Fróes	\N	\N	costume_designer,art_director,producer	tt0222715,tt0235449,tt0439460,tt2113588
nm0989248	Rodolpho Fukamati	\N	\N	actor	tt0140656
nm0989249	Betsy Fulcher	\N	\N	stunts	tt0119432
nm0989250	Bruno Fulci	\N	\N	actor	tt0219389
nm0989251	Furbie	\N	\N	actor	tt0284121
nm0989252	Darren Futa	\N	\N	producer	tt0386040,tt1176737,tt1139628,tt0276506
nm0989255	Gabriel Gabriel	\N	\N	actor	tt0140656,tt0830829
nm0989256	Cheryl Gadoury	\N	\N	editorial_department	tt0283805
nm0989257	Christine Gagnieux	\N	\N	actress	tt1661320,tt2991026,tt0210167,tt6947294
nm0989258	Ubiratan Galarça	\N	\N	art_department	tt0284345
nm0989259	Phil Galleco	\N	\N	art_department	tt0123832,tt0120082,tt0124298
nm0989260	Rigmor Galtung	\N	\N	actress	tt0177446,tt7050508,tt0172160,tt0276658
nm0989261	Madeleine T. Gamble	\N	\N	actress	tt0234407
nm0989262	Claire Gammon	\N	\N	miscellaneous	tt0112133,tt0218643,tt0867015
nm0989264	Raymond Gardanne	\N	\N	actor	tt0018187,tt0027825
nm0989265	Arthur Garland	\N	\N	soundtrack	tt0035576
nm0989266	Jordan Garretson	\N	\N	camera_department,production_manager	tt0842926,tt0281686,tt0308055,tt2182229
nm0989267	Mabel Garrido	\N	\N	actress	tt0375245,tt1600706,tt0276167,tt0262163
nm0989268	Fabiana Gastaldello	\N	\N	actress	tt0177746
nm0989269	Marc Gee	\N	\N	actor,writer,producer	tt2546302,tt0268130
nm0989270	John Geentjes	\N	\N	actor	tt0254909
nm0989271	Matt Geller	\N	\N	writer,miscellaneous,producer	tt0083412,tt0092400,tt0088610,tt0085032
nm0989273	Angela Gerrits	\N	\N	writer	tt0280289,tt1329805
nm0989274	Madeline Getson	\N	\N	producer,miscellaneous	tt0103393,tt0118250,tt0267178,tt0115185
nm0989275	George Ghyssels	\N	\N	animation_department,art_department	tt0280246
nm0989276	Irving Gibbs	1877	1955	actor	tt0045898
nm0989277	Harry 'The Hipster' Gibson	1915	1991	actor,soundtrack	tt0038664
nm0989278	Brian J. Gilbert	\N	\N	producer,actor,director	tt1618435,tt1258157,tt0295700
nm0989279	Martin L. Gillen	\N	\N	assistant_director,production_manager,miscellaneous	tt0071408,tt1581279,tt0084522
nm0989280	Rene Ginch	\N	\N	camera_department	tt0209872
nm0989281	Alan L. Gansberg	\N	\N	writer,producer,director	tt0075529,tt0985040,tt0085032,tt0077008
nm0989282	Maruja Girelli Lusardi	\N	\N	art_director,costume_designer	tt0230576
nm0989284	Jean-Philippe Girod	\N	\N	producer,production_manager,visual_effects	tt1776164,tt0293182,tt0279088,tt0291915
nm0989285	Salud Gismera	\N	\N	art_department,assistant_director,miscellaneous	tt0209908,tt0115930,tt0125659
nm0989286	Alberta Giuliani	\N	\N	make_up_department	tt1156173,tt2395427,tt8404614,tt2638144
nm0989288	Evanthia Glezakou	\N	\N	actress	tt0084776
nm0989290	Vernon Godfrey	\N	\N	actor	tt1547965,tt0280982
nm0989292	Anna Mercedes Goez	\N	\N	make_up_department	tt0091530
nm0989293	Enara Goikoetxea	\N	\N	editor,director,writer	tt1867623,tt2532662,tt0379976,tt1586708
nm0989294	Asaf Golan	\N	\N	camera_department	tt0283574
nm0989296	Sherli Evans Goldman	\N	\N	writer	tt0063948,tt0062575
nm0989297	Tau Golin	\N	\N	actor	tt0284345
nm0989298	Anna Gonella	\N	\N	costume_department,costume_designer	tt1872124,tt1671496,tt1700257,tt1169197
nm0989299	Jenna Marie Gooch	\N	\N	actress	tt0204993
nm0989300	Kate-Louise Gottfried	\N	\N	actress	tt0159259
nm0989301	Brad Gowans	1903	1954	actor,soundtrack	tt1532503,tt0380109
nm0989302	Vera Graber	\N	\N	actress	tt0284121
nm0989303	Jarried Gragg	\N	\N	actor	tt0114125
nm0989304	Rainer Gramann	\N	\N	actor	tt0124011
nm0989305	Fabio Grassadonia	\N	\N	writer,director,script_department	tt1971514,tt5375434,tt1567676,tt8095746
nm0989306	A. Grate	\N	\N	actor	tt0028014
nm0989307	Oriol Grau	\N	\N	director,writer,actor	tt0364840,tt0352089,tt0470634,tt3131782
nm0989308	David S. Greathouse	\N	\N	miscellaneous,producer,executive	tt2140619,tt1972571,tt2119532,tt1399664
nm0989309	Javotte S. Greene	\N	\N	actress	tt0080146
nm0989310	Abner J. Greshler	1910	1993	producer,miscellaneous,director	tt0358778,tt0042209,tt0045015
nm0989311	Andreas Grimm	1962	\N	composer,music_department,editor	tt0838244,tt0313021,tt0231011,tt0479842
nm0989312	Irina Gritskova	\N	\N	soundtrack	tt0080073
nm0989313	Werner Groebli	1915	2008	actor	tt0040053,tt0170980,tt0132513,tt0037002
nm0989314	Nathan Grossman	\N	\N		\N
nm0989315	Marthe Groussard	\N	\N	actress	tt0074910
nm0989316	Nina Grudzinska	1904	1982	actress	tt1158896,tt0863138,tt0027643
nm0989317	Kurt Grun	\N	\N	make_up_department	tt0186380,tt0058643
nm0989318	Andreas Grützner	\N	\N	assistant_director	tt0106061,tt0806901,tt0806910,tt0121027
nm0989319	Anne Guerin	\N	\N	make_up_department,actress	tt0253202,tt0217221,tt0257344
nm0989320	Noelle Guichard	\N	\N	actress	tt0273519
nm0989322	Marie-Chantal Guillemain	\N	\N	make_up_department	tt0806905,tt0174376,tt21111596,tt0096658
nm0989323	Olivier Guiral	\N	\N	art_department	tt0273519
nm0989324	Lupe Guitierrez	\N	\N	art_department	tt0124298,tt1560747,tt0218967,tt0289765
nm0989325	Selcuk Gurisik	1954	\N	art_director,actor	tt0275512,tt0291298,tt1951292
nm0989326	Sarah Guyler	\N	\N	actress	tt0325055,tt0893544,tt0101114,tt0256019
nm0989329	Lars Haagen	\N	\N	production_manager,miscellaneous,location_management	tt0793361,tt4501276,tt0806910,tt8613776
nm0989330	Jacques Hadjae	\N	\N	actor	tt0239893,tt0475795
nm0989331	Radek Hadrovsky	\N	\N	actor	tt0284260,tt2241474
nm0989333	Serge Haignere	\N	\N	cinematographer,camera_department	tt0084579,tt0077034,tt0060396,tt0492513
nm0989334	Al Hainle	\N	\N	cinematographer	tt0271126
nm0989336	Kaarin Hall	\N	\N	actress	tt0079222
nm0989337	Chantal Hamilton	\N	\N	miscellaneous	tt0283805
nm0989338	Jen Hamilton	\N	\N	visual_effects,miscellaneous,production_manager	tt1057500,tt8664414,tt10399810,tt8146766
nm0989339	Jeppe Handwerk	\N	\N	producer,miscellaneous	tt0158905,tt0370129
nm0989340	Hwa-chi Hang	\N	\N	production_designer	tt0280106
nm0989341	Paull Hanksman	\N	\N	art_department	tt0178845
nm0989342	Bobby Hargreaves	\N	\N	actor	tt0027082
nm0989343	Roger Harivel	\N	\N	actor	tt0074910
nm0989345	Anne Sarah Hartung	1979	\N	actress	tt0108985,tt0841182,tt0295640,tt0445967
nm0989347	Natasja van Heesch	\N	\N		\N
nm0989348	Ryan Heimpel	\N	\N	miscellaneous	tt0450232,tt0367360,tt0413879,tt1053424
nm0989349	Olaf Helbing	\N	\N	cinematographer,camera_department,composer	tt0264560,tt3648482
nm0989350	Laura Helena Zottis	\N	\N	art_department	tt0284345
nm0989351	Andreas Helmle	\N	\N	composer,camera_department,music_department	tt0251364,tt0323463,tt0481510,tt1520605
nm0989352	Joel Hendler	\N	\N	actor	tt0079009
nm0989353	Jimmy Hennessy	\N	\N	camera_department,art_department	tt0298856,tt0236784,tt0120199,tt5932728
nm0989354	Pedro Herculano	\N	\N	composer	tt0258413
nm0989355	N. Hercules	\N	\N		tt0076809
nm0989356	Ana Maria Hernandez	\N	\N	actress	tt0336006,tt0115284
nm0989358	Suzanne Herrera	\N	\N	writer	tt0098957,tt0081858
nm0989359	Betty Heyman	\N	\N	costume_department	tt0091530,tt0178845
nm0989360	Karina Hickman	\N	\N	miscellaneous	tt0141926
nm0989361	Jason Hilgart	\N	\N	assistant_director,editorial_department	tt0318220,tt0248667
nm0989362	Hans Hirschmann	1930	\N	producer,production_manager,miscellaneous	tt2207803,tt0168441,tt0049690,tt0443792
nm0989363	Paula Hogueira	\N	\N	production_designer	tt0276599
nm0989364	Wilbur Holder	\N	\N	actor	tt0079222,tt0195557
nm0989365	Marti Holguin	\N	\N	producer	tt0276506
nm0989366	Ann Marie Hollander	\N	\N	actress	tt0079222
nm0989367	Kimberly Willis Holt	\N	\N	writer	tt0338552,tt0284334
nm0989368	Kenneth Holzman	\N	\N	actor	tt0065079
nm0989369	Noel Hooper	\N	\N	visual_effects	tt0318627,tt0462465,tt0450232,tt0460780
nm0989370	Wilbur Hopp	\N	\N	miscellaneous,camera_department	tt0081207,tt0083190,tt0176357
nm0989371	Janet Horsfield	\N	\N	make_up_department	tt1430124,tt0168596,tt1078188,tt1831575
nm0989372	Grant Hossack	1938	2007	music_department,composer	tt0083504,tt0159191,tt0074035
nm0989373	Madame Houda	\N	\N	costume_designer	tt0276330,tt0132513,tt0276072
nm0989375	Meny Houthuys	\N	\N	actress	tt0231873,tt0231826,tt0231819,tt0338625
nm0989376	Sarah Howitt	\N	\N	producer,director,assistant_director	tt3157232,tt1587302,tt3118164,tt6866312
nm0989377	Yu Hsu	\N	\N	actress,production_manager,miscellaneous	tt0060343,tt0064741,tt0067933,tt0194062
nm0989378	Mo-Tsung Huang	\N	\N	script_department	tt0239267
nm0989379	Jeno Huber	\N	\N	actor	tt0247875,tt1660286,tt0896527,tt1825426
nm0989380	Karl Hueglin	\N	\N	set_decorator,art_department,art_director	tt0079222,tt0045380,tt0084920
nm0989381	Coralie Hunter	\N	\N	actress	tt0084783
nm0989382	Hubert Hunter	\N	\N	miscellaneous	tt0036824
nm0989383	Dwayne Allen Husbands	\N	\N	actor	tt0256394
nm0989384	Thiago Husman	\N	\N	actor	tt0173651
nm0989385	Marion Huston	\N	\N	actress,soundtrack	tt0100200
nm0989386	Bernie Hutchinson	\N	\N	transportation_department,actor	tt0302855,tt0363572,tt2137406,tt0276053
nm0989388	I Brutos	\N	\N	actor,soundtrack	tt0053401,tt0058160,tt0359807,tt0040053
nm0989390	Jack Iannarelli	\N	\N	art_department	tt0070806,tt0076417,tt0069619,tt0044230
nm0989391	Arines Ibias	\N	\N	actor	tt1478282,tt0284345,tt0144231
nm0989392	Yukiko Ikari	\N	\N	actress	tt0339390,tt0283309,tt2352010,tt0308379
nm0989393	Nihat Ileri	1955	\N	actor	tt0299025,tt0377185,tt0424873,tt0388189
nm0989394	Carlos Illiana	\N	\N	composer	tt0280690,tt0280581,tt0181664,tt0198319
nm0989395	Maximilien Ilyin	\N	\N	writer	tt0042534
nm0989396	Johannes Imdahl	1967	\N	cinematographer,camera_department	tt0170949,tt0347293,tt0428167,tt0806910
nm0989397	Smriti Malhotra-Irani	1976	\N	actress,producer	tt7454420,tt0389673,tt7416050,tt0278212
nm0989398	Isodoor	\N	\N	actor	tt0284121
nm0989399	Marcelo Italiano	\N	\N	actor,miscellaneous	tt13201466,tt0220203,tt13157998,tt9129924
nm0989400	Evgeniy Ivanov	1963	2016	director,writer,producer	tt0138654,tt8779060,tt0308193,tt0382229
nm0989401	Paulo Jackobsen	\N	\N	production_designer	tt0188124
nm0989403	György Jakab	1950	1996	composer,soundtrack	tt0155070,tt1047216,tt0083522,tt0083151
nm0989404	Louis Jalaba	\N	\N	art_department	tt0276053
nm0989405	Anthony William James	\N	\N	actor	tt0089132
nm0989406	Janine Janet	\N	\N	art_department,costume_designer	tt0054377
nm0989407	Dong-jik Jang	1966	\N	actor	tt0411455,tt0305994,tt0278351,tt0296660
nm0989408	Isabella Jannetti	1946	\N		tt0191629
nm0989409	Omar Jaramillo	\N	\N	actor	tt0075947,tt0290259,tt0073023,tt0087255
nm0989411	Joshua Jay	\N	\N	actor,cinematographer	tt0088580,tt0108709,tt0386117,tt0241223
nm0989412	Léon Jeangirard	\N	\N	actor	tt0074910
nm0989413	Billy Jeans	\N	\N	actor	tt0283805,tt12494574
nm0989414	László Jenei	\N	\N	actor	tt0123381
nm0989415	Virginia Jennings	\N	\N	actress	tt0026920,tt0030850,tt0032525
nm0989416	José Jerônimo	\N	\N	actor	tt0263124,tt0208100
nm0989418	José Antonio Jiménez	\N	\N	art_department,miscellaneous,actor	tt0100793,tt0083599,tt0115930,tt0231208
nm0989421	Terje Johannesen	\N	\N	art_department	tt0220200,tt0280087,tt0176576,tt8466968
nm0989422	Gina Jones Roche	\N	\N	miscellaneous,production_manager,actress	tt7569576,tt6461812,tt1800246,tt3716680
nm0989423	Harry Donovan Jones	1939	2018	camera_department	tt0088640,tt0103488,tt0092407,tt0147757
nm0989424	Remco Joosse	\N	\N		\N
nm0989425	Elyse Josef	\N	\N	actress	tt0079222
nm0989426	Sam Joshua	\N	\N	actor	tt0038664
nm0989427	Zaqueu José	\N	\N	actress	tt0188124,tt0442437,tt0260099
nm0989428	Michel Jourdain Jr.	1976	\N	actor	tt0132245,tt6324684,tt0949793,tt6834214
nm0989429	Danielle Jourdan	\N	\N	actress	tt0089481,tt0284376
nm0989430	Tracy Carl Joy	\N	\N	editorial_department	tt0160797
nm0989431	Andreas Juchelka	\N	\N	actor	tt0082645
nm0989432	Hannes Jung	\N	\N	special_effects,art_department,production_designer	tt0295580,tt4967926,tt1240982,tt0360890
nm0989433	Justina Jupiter	\N	\N	actress	tt0190106
nm0989434	Federico Jusid	1973	\N	composer,music_department,soundtrack	tt1305806,tt11771270,tt5670764,tt5989218
nm0989435	Amaral Júnior	\N	\N	camera_department	tt3922062,tt0284345,tt0125656,tt3771850
nm0989436	Nadine Kadey	\N	\N	actress,cinematographer,producer	tt3059046,tt0087793,tt2306589,tt12753564
nm0989437	Sascha Kahana	\N	\N	actor	tt0082645
nm0989438	Geoff Kahnert	\N	\N	actor,soundtrack	tt0103584,tt0083410,tt0247875,tt0419077
nm0989439	Gerhard Kaiser	\N	\N	camera_department,cinematographer,sound_department	tt1041677,tt0115347,tt2201962,tt0488450
nm0989440	Adam Kaish	\N	\N	actor	tt0079910
nm0989441	Pierre Kalinovski	\N	\N	actor	tt0186159
nm0989442	Jerzy Kalitowicz	\N	\N	actor	tt0285765
nm0989443	Ulf Kallscheidt	\N	\N	actor	tt0276336
nm0989444	Raymond Kaalund	1913	1988	actor	tt0135177,tt0027082
nm0989445	Paulien Kalwij	\N	\N	actress	tt0284121
nm0989446	Jon Kamaluddin	\N	\N	miscellaneous	tt0227479
nm0989448	Georgann Kane	\N	\N	writer,miscellaneous,producer	tt0293703,tt0472249,tt0214382,tt0217930
nm0989449	Saltuk Kaplangi	1932	2010	actor,writer,assistant_director	tt0313803,tt0347587,tt0290312,tt0324613
nm0989450	Mariann Kaposi	\N	\N	actress	tt0123381
nm0989451	Sayaka Karasugi	\N	\N	actress	tt12494574,tt0283805
nm0989452	Monika Karwan	\N	\N	actress,casting_director	tt0805512,tt0088580,tt0820847
nm0989453	Eugene Kash	1912	2004	sound_department,composer,editor	tt5280746,tt19638208,tt5309764,tt0234813
nm0989454	Kyle Kass	1988	\N	actor	tt1570094,tt6236572,tt12969826,tt0465342
nm0989455	Shingo Katsurayama	1972	\N	actor	tt0279112,tt0380912,tt0188340,tt1850764
nm0989456	Lori Keel	\N	\N	stunts	tt0089523
nm0989457	Alan Kempster	\N	\N	editorial_department	tt0158033,tt0222666,tt0238660,tt0305632
nm0989458	Gyõzõ Kemény	1952	\N	composer	tt0083522
nm0989459	Avto Kereselidze	\N	\N	actor	tt0204631
nm0989460	Elinor Kershaw	1884	1971	actress	tt0361854,tt0001410,tt0399489,tt0001165
nm0989461	Matty Kessel	\N	\N	camera_department	tt0124543,tt0187990,tt0124362
nm0989462	Kari Kesti	\N	\N	actor	tt0089427
nm0989463	Ham Khan	\N	\N	art_department,transportation_department	tt0091530,tt0769754
nm0989464	Christel Kieseler	\N	\N	make_up_department	tt0388173,tt0079096,tt0233133,tt0087674
nm0989465	Gail 'Sky' King	\N	\N	music_department,composer,soundtrack	tt0063951,tt0101615,tt0108787,tt0177444
nm0989466	Roger Kirby	1939	2019	actor	tt0261495,tt1529215
nm0989467	Karin Kirchberger	\N	\N	editorial_department,editor	tt0092405,tt1162315,tt0787986
nm0989468	Miklos Kiss	\N	\N	miscellaneous	tt0220200
nm0989469	Sam Kite	\N	\N	camera_department	tt6654210,tt7556122,tt1375666,tt0448134
nm0989470	Regina Knapp	\N	\N	assistant_director	tt0222760
nm0989471	Dayton Knoll	\N	\N	actor,producer	tt1687889,tt1408045,tt1292651,tt1226229
nm0989472	Ben Kobbs	\N	\N	camera_department,actor,miscellaneous	tt5179598,tt0448182,tt0414951,tt8031130
nm0989473	Kevin Kocvar	1963	2020	editorial_department,editor	tt5869342,tt7344644,tt0283805,tt6385540
nm0989474	Henrik Kodberg Jensen	\N	\N	miscellaneous	tt0158905
nm0989476	Mizuho Koga	1973	\N	actress	tt0221111
nm0989477	Hans Kooij	\N	\N	camera_department	tt0402850,tt0432348,tt0318627,tt0134630
nm0989478	Nina Kolment	\N	\N	actress	tt0084776
nm0989480	Jasper Koppers	\N	\N		\N
nm0989481	Jerusha Kornner	\N	\N	miscellaneous,art_department,production_manager	tt0257568,tt0188453,tt0120595,tt0282209
nm0989482	Ricardo Kosovski	\N	\N	actor	tt3407010,tt0222715,tt0488259,tt12344288
nm0989483	Halina Kowalczykówna	\N	\N	actress	tt0028319
nm0989484	Kowesky	\N	\N	actor	tt0207748,tt0027825
nm0989485	Irma Kozlowska	1915	1983	actress	tt0027643
nm0989486	Martin Korinek	\N	\N	producer,production_manager,visual_effects	tt6478512,tt5976538,tt4837538,tt0244479
nm0989487	Sefo-Beta Krasniqi	\N	\N	director	tt0284437
nm0989488	Munir Kreidie	\N	\N	actor	tt2739032,tt9608858,tt1569931,tt7883448
nm0989489	Uwe Kreißig	\N	\N	actor	tt9304224,tt14669098,tt0276336
nm0989490	Guilherme Kroeff	\N	\N	camera_department	tt0416979,tt0284345,tt0367859,tt0207163
nm0989491	Konstanty Kruglowski	1885	1966	actor	tt0028014,tt0028319,tt0029369
nm0989492	Nichola Krajac	\N	\N	actress	tt0063680
nm0989493	D.K. Krzemien	\N	\N		tt0077031
nm0989494	Katsuhiko Kudo	\N	\N	camera_department	tt0314111,tt6215868,tt0279112
nm0989495	Teun Kuilboer	1982	\N	actor,visual_effects	tt0320886,tt3855240,tt1846526,tt3487478
nm0989496	Marinus J. Kuivenhoven	1977	\N	camera_department	tt0219710
nm0989498	Bernardo Kullock	\N	\N	actor	tt0193344,tt0058643,tt0181664,tt0144285
nm0989499	Makoto Kumazawa	\N	\N	assistant_director,director	tt0279112,tt0113187,tt1379211,tt1744576
nm0989500	Sabine Kupper	\N	\N	costume_department	tt0300781,tt0222666,tt0123341
nm0989501	Serpil Kurtca	\N	\N	director,assistant_director	tt0104151,tt2154793,tt0275512,tt8344194
nm0989502	Yacha Kurys	\N	\N	actress,editorial_department	tt0177746,tt7576426
nm0989503	Thijs Kwakernaak	\N	\N	actor	tt0284121
nm0989504	Simo Kärkkäinen	\N	\N	sound_department,actor	tt8107954,tt0089427,tt9473162
nm0989505	Derya Köroglu	\N	\N	composer,soundtrack,actor	tt0377185,tt6462806,tt0834039,tt0290995
nm0989506	Kathrin Kühnel	1977	\N	actress	tt0416334,tt1428538,tt0806910,tt0323447
nm0989508	Beatrice Laforest	\N	\N	actress	tt0056959
nm0989509	Macarena Lagomarsino	\N	\N	actress	tt0280982
nm0989510	Charina Laguna	\N	\N	assistant_director	tt0115930
nm0989511	Charo Laguna	\N	\N	miscellaneous	tt0115930
nm0989512	José Antonio Laguna	\N	\N	camera_department	tt0115930
nm0989514	Enrique Laloumet	\N	\N	miscellaneous	tt0112476,tt0255725,tt0115930
nm0989515	Cornel Lamonica	\N	\N	actor	tt0063980
nm0989516	Saulo Lamounier	\N	\N	editor	tt14597044,tt0281616
nm0989517	Ngoc Lan Truong Thi	\N	\N	actor,stunts	tt0096741,tt19798458
nm0989518	Mary Lee Lander	\N	\N	location_management,miscellaneous	tt0082465,tt0208173
nm0989519	Jean-Pierre Landreau	1924	1977	composer,music_department	tt0050244,tt0139928,tt0142965,tt0140720
nm0989520	Remco Landsheer	\N	\N	actor	tt0284121
nm0989521	Barbara Langenberg	\N	\N	costume_designer,art_department	tt0231011,tt0191644,tt0274253,tt0428167
nm0989522	Armand Largo	\N	\N	actor	tt0053530
nm0989524	Christos Lathouropoulos	\N	\N	director,writer	tt1579712,tt0257584
nm0989525	Martin Lathrop	\N	\N	writer	tt0063980
nm0989526	Kellie Lattanzio	\N	\N	miscellaneous	tt0083190
nm0989527	Sara Laukner	\N	\N	assistant_director,production_designer	tt0368373,tt0246066
nm0989528	Sophie Lavoie	\N	\N	actress	tt0081578,tt0344628
nm0989529	Ramona Schindelheim	\N	\N	writer,producer,miscellaneous	tt1869760,tt0429379,tt0184090,tt0090487
nm0989531	Bob Lazlo	1895	1960	art_department	tt0029759
nm0989533	Tim LeTourneau	\N	\N	producer,actor,miscellaneous	tt1521800,tt0386040,tt1056266,tt0276506
nm0989535	B.J. Leavitt	\N	\N	miscellaneous	tt0039181
nm0989537	Lilian Lee	\N	\N	script_department	tt0069988,tt0064188,tt0056008
nm0989538	Rene' Lee	\N	\N	producer,miscellaneous,writer	tt0290364,tt0294157,tt0297638,tt4550262
nm0989539	Shiu-lan Lee	\N	\N	casting_director	tt0284066,tt2247566
nm0989542	Alyson Leeming	\N	\N	make_up_department	tt0127369,tt0088537,tt0101114,tt0101170
nm0989543	Camille Lefko	\N	\N	actress	tt0084776
nm0989544	Anne-Marie Lefèvre	\N	\N	location_management,assistant_director,miscellaneous	tt0485241,tt0291579,tt3451360,tt1726861
nm0989545	Florence Legouis	\N	\N	actress	tt0363003,tt0273519,tt0444200,tt0106042
nm0989546	Isolde Lehner	\N	\N	actress	tt0064618
nm0989547	Edna Leigh	\N	\N	actress	tt0229807,tt2152883
nm0989548	Stella Leigh	1868	1927	actress	tt2152883,tt0229807
nm0989549	Iván Leiva	\N	\N	camera_department	tt0115930
nm0989550	Loup Lejeune	\N	\N	actor	tt0205505
nm0989551	Leata Lekushoff	\N	\N	miscellaneous,camera_department	tt0174388,tt0228891,tt0390548,tt0120903
nm0989552	Jacqueline Lemaitre Basile	\N	\N	production_manager,miscellaneous	tt0094888,tt0091530
nm0989553	Victor Leonardi	\N	\N	writer,composer,music_department	tt8035766,tt0281616,tt1563732,tt8035740
nm0989554	Elvira de Lequerica	\N	\N	miscellaneous	tt0091530
nm0989555	Isabelle Lequeux	\N	\N	make_up_department	tt0174376,tt4571004,tt0273519
nm0989556	Anne-Mie Leroy	\N	\N	production_designer,miscellaneous,writer	tt0149453,tt0217221
nm0989557	Knowlton Levenick	1925	2002	actor	tt0030848
nm0989558	Lew Levy	\N	\N	writer	tt0073955,tt0081896,tt0083424
nm0989559	Michael Gee Lewis	\N	\N	editor,editorial_department	tt0277270,tt1024887,tt8550970
nm0989560	Lexy	1976	\N	composer,soundtrack	tt0261804,tt0322545,tt14803124
nm0989562	Valérie Lhotte	\N	\N	actress	tt0085339
nm0989564	Barbara Licker-Caan	1943	1981	miscellaneous	tt0083190
nm0989565	Starlight	\N	\N	actress	tt0283950,tt0153152,tt0285575
nm0989566	Hans Ligtvoet	1954	\N	actor	tt0094509,tt2096153,tt0302095,tt3487478
nm0989567	Pirkko Liinamaa	1932	2021	actress	tt0355102,tt2060514,tt0089427,tt0380921
nm0989568	Ubiracy Lima	\N	\N	actor	tt0188124
nm0989569	Chi-shiang Lin	\N	\N	writer,assistant_director,producer	tt4814380,tt4286112,tt0284066,tt2243123
nm0989571	Arthur Lindsey	\N	\N	composer	tt0063980
nm0989572	Jeferson Lino	\N	\N	camera_department	tt0282496
nm0989573	Nanego Lira	\N	\N	actor	tt0140888,tt5026038,tt1371714,tt0447589
nm0989574	Levin Lise	\N	\N	art_department	tt0247875
nm0989575	Tania Lish	\N	\N	actress	tt0063680
nm0989576	Edwin T. Little Plume	\N	\N	miscellaneous	tt0098619
nm0989577	Peter Logan	\N	\N	visual_effects	tt0086708,tt0962824,tt0056751,tt10113644
nm0989579	Diego Lopes Filho	\N	\N	actor	tt0140888,tt1493808
nm0989580	Adinan Lopes	\N	\N	camera_department	tt0367859,tt0297413,tt0416979,tt0284345
nm0989581	Maximiliano Lopez	1984	\N	actor	tt0154063,tt0220203,tt0202197
nm0989582	Mário Sérgio Loschiavo	\N	\N	producer	tt4722020,tt0256179
nm0989583	Louis Lucky	\N	\N	cinematographer	tt0102586
nm0989584	Hok-Cheung Lui	\N	\N	writer	tt0279697
nm0989585	Kenneth Lundeen	1960	1984	actor	tt0076809
nm0989587	Levy Luz	\N	\N	special_effects	tt0140656
nm0989588	Dona Luzia	\N	\N	actress	tt0140888
nm0989589	Hilde Løchen Trier	\N	\N	script_department,editorial_department,miscellaneous	tt0216252,tt0192193,tt0164071,tt0218343
nm0989590	Moïse Maatouk	1949	\N	writer,director,editor	tt0301706,tt0095075,tt15022852,tt10644468
nm0989591	Katie MacIntosh	1967	\N	casting_director,casting_department,producer	tt0257295,tt6936928,tt0497079,tt2964642
nm0989592	Hamish MacKay	\N	\N	actor	tt0059788
nm0989593	Angus MacLise	1938	1979	composer,actor	tt1830845,tt7230750,tt0138362,tt1989651
nm0989594	Alemão Gerson Machado	\N	\N	special_effects	tt0284345,tt0997019
nm0989595	Dominik Machek	\N	\N	miscellaneous	tt0256394
nm0989596	Vera Maciel	\N	\N	make_up_department	tt1047788,tt0185152
nm0989598	Don Douglas Macleod	\N	\N	director	tt0069556
nm0989599	D'Lee Magness	\N	\N	actress	tt0079222
nm0989600	Lúcio Maia	\N	\N	soundtrack,actor,composer	tt0333074,tt0118674,tt15738252,tt0416979
nm0989601	Anka Malatynska	\N	\N	cinematographer,camera_department,director	tt10404698,tt13075042,tt10937180,tt15669314
nm0989602	Nadja Maleh	1972	\N	actress,writer,soundtrack	tt2007448,tt1900119,tt5459860,tt1315668
nm0989603	Lula Maluf	\N	\N	cinematographer,camera_department	tt0284345,tt13592262
nm0989604	Jen Malzone	\N	\N	miscellaneous,actress	tt0282410
nm0989606	Mohanned Mansour	\N	\N	actor,art_department	tt0126817,tt0246712
nm0989607	Dalma Maradona	1987	\N	actress	tt0220203,tt0495928,tt1629319,tt1841781
nm0989608	Margarita Marceca	1986	\N	actress	tt0220203
nm0989610	John Marchesella	\N	\N	actor	tt0079222
nm0989611	Consolato Marciano	\N	\N	actress	tt0076809
nm0989612	Meredith Marengo	\N	\N	actress	tt0284121
nm0989613	Harriet Margulies	\N	2021	miscellaneous,actress,writer	tt0069599,tt0364845,tt0096684,tt0112022
nm0989615	John Marolakos	\N	\N	actor	tt0313338,tt0084776
nm0989616	Martiniano Martínez	\N	\N	actor	tt0068701
nm0989617	Thabo Mashishi	\N	\N	actor	tt0278543
nm0989619	Sophie Matalou	\N	\N	script_department,actress,miscellaneous	tt0239893,tt0088494,tt0103442,tt0167585
nm0989620	Francine Mathieu	\N	\N	actress	tt0284315
nm0989622	Milton Mattos	\N	\N	actor	tt5173358,tt1478282,tt5978198,tt0284345
nm0989623	Jules Maurier	\N	\N	actor	tt0027825
nm0989624	Eugeniusz May	\N	\N	actor	tt0028319
nm0989625	Niamh McAnally	\N	\N	director,actress,stunts	tt0091530,tt2498600,tt12104184
nm0989626	Helen McAvity	\N	\N	writer	tt0062575,tt0061255,tt0057742,tt0061266
nm0989627	Ray McCann	\N	\N	transportation_department	tt0203050
nm0989628	Sophie McConville	\N	\N	art_department,art_director,make_up_department	tt1441953,tt0182526,tt0260615,tt1770734
nm0989630	Yolanda McGinnis	\N	\N	casting_department,casting_director	tt0049403,tt0050465,tt0050215
nm0989632	William A. McManus	\N	\N	miscellaneous	tt0036824
nm0989633	Brian McQuown	\N	\N	transportation_department,miscellaneous	tt0124298,tt0118880,tt0118715,tt0360009
nm0989635	Linda Mchunu	\N	\N	actress	tt0278543,tt0098607
nm0989636	Maríaemma Mejía de Caballero	\N	\N		\N
nm0989637	Cheri Melchtone	1971	\N	miscellaneous	tt0120782
nm0989638	Mauricio Melchiorre	\N	\N	writer	tt0077225
nm0989639	Harald Mellwig	\N	\N	camera_department,cinematographer	tt0120804,tt12847460,tt0372183,tt0811080
nm0989640	Dave Menehan	\N	\N	art_department	tt0246712
nm0989641	Rashaan Meneses	\N	\N	actor	tt0089132
nm0989642	J. Mergel	\N	\N	actor	tt0028014
nm0989643	Béatrice Mermet	\N	\N	camera_department,cinematographer	tt0424237,tt0119625,tt0214959,tt0119307
nm0989644	André Messias	\N	\N	actor	tt0109084
nm0989645	Jorge Messutti	\N	\N	miscellaneous	tt0091530
nm0989646	Mieke Mestdagh	\N	\N	production_manager,producer,editorial_department	tt0119448,tt0291535,tt0234374,tt0167644
nm0989647	Thierry Michaud	\N	\N	art_department,set_decorator	tt0102457,tt0105308,tt0112682,tt0325030
nm0989648	Sten van Mierlo	\N	\N	actor	tt0284121
nm0989649	Daniel Millican	1965	\N	producer,director,editor	tt0284233,tt1175292,tt0457290,tt0339537
nm0989650	Yosuke Mino	\N	\N	actor	tt12494574,tt0157191,tt0283805
nm0989651	Edmund Minowicz	\N	\N	actor	tt0024345,tt0028014,tt0286004,tt0028085
nm0989652	Alexandra Mircheff	\N	\N	writer,miscellaneous,art_department	tt15469890,tt0866439,tt0443274,tt2234222
nm0989653	Federico Mirre	\N	\N		\N
nm0989654	Ryszard Misiewicz	\N	\N	actor	tt1042397,tt0022601,tt0031008,tt0953904
nm0989656	Jan Mixsa	\N	\N	actor,art_department,production_designer	tt0772334,tt1800739,tt0447737,tt1111238
nm0989657	Vera Moe	\N	\N	art_department,animation_department	tt0083487,tt0220200,tt0278307,tt10875380
nm0989658	Hughie Monroe	\N	\N	miscellaneous	tt0098619
nm0989659	Pietro Montandon	1954	\N	actor	tt0158537,tt0315702,tt0095051,tt0088879
nm0989660	Pablo Montesdeoca	\N	\N	actor	tt0115930
nm0989661	Andrew Moorhead	\N	\N	camera_department	tt0294703,tt0411195,tt0263053,tt0300214
nm0989662	Reza Moradi	\N	\N	director,producer	tt0354318,tt4670954,tt0088512,tt0169438
nm0989663	Celau Moreira	\N	\N	composer,music_department	tt0284345,tt0442753,tt0243393,tt0203172
nm0989664	Marianella Morelli	\N	\N		tt0191629
nm0989665	François Morency	1966	\N	actor,writer	tt0940900,tt0275560,tt4327018,tt8998584
nm0989666	Di Moretti	\N	\N	writer,director,producer	tt0277092,tt1219703,tt6793694,tt0440175
nm0989667	Gabrelle Morgan	\N	\N	actor	tt0079009
nm0989668	Jon Morgenthau	1970	\N	miscellaneous,writer,actor	tt0424726,tt0321019,tt0496215,tt1839328
nm0989670	Inga Moser	\N	\N	actress	tt0167950
nm0989671	Marc van Mossel	\N	\N	actor	tt0284121
nm0989672	Berk Motley	\N	\N		tt0195343
nm0989673	Martina Mouchot	\N	\N	writer,producer	tt0806910,tt0793361,tt1345459,tt13514390
nm0989674	Ron Mounts	\N	\N	camera_department	tt0270971
nm0989675	Nicos Mousoullis	\N	\N	actor	tt0084776
nm0989676	Maurice B. Mozelle	\N	\N	actor	tt0039906
nm0989677	Brigit Mulders	\N	\N	producer,production_manager	tt3903276,tt14035048,tt0425491,tt0276216
nm0989678	Patrick Mulvihill	\N	\N	actor	tt0076809
nm0989679	Jerrold Mundis	\N	\N		\N
nm0989680	Hideaki Murakami	\N	\N	assistant_director,director	tt0399102,tt0279112,tt0493197,tt0366526
nm0989681	Garvan Murphy	\N	\N	editor,director,writer	tt0323521,tt0333502,tt0308920,tt0333387
nm0989682	Ryan P. Murry	\N	\N	miscellaneous	tt0250067
nm0989683	Henrietta Music	1939	\N	music_department,soundtrack	tt0071063,tt0292413,tt1378297,tt0068049
nm0989684	Kenneth Mårtensson	\N	\N	cinematographer	tt7085048,tt0282578
nm0989685	Rosemarie Müller	\N	\N	assistant_director,actress,script_department	tt0084706,tt0080494,tt0806901,tt0111957
nm0989686	Sigrid Müller	\N	\N	production_manager,miscellaneous,producer	tt0170949,tt0303898,tt0141570,tt0806910
nm0989687	Frank Müller-May	\N	\N	actor	tt0064618
nm0989688	Scott 'Puppy' Nabb	\N	\N	camera_department,miscellaneous	tt0242733,tt0261823,tt0191653,tt0198753
nm0989689	Deborah Lynn Nagy	\N	\N	actress	tt0079222
nm0989690	Antoune Nakhle	\N	\N	actor	tt0121118,tt0208100
nm0989691	The Names	\N	\N	soundtrack,composer	tt3972142,tt3186318,tt0081619
nm0989692	Ben Naobeb	\N	\N	actor	tt0124011
nm0989693	Kari Nappa	\N	\N	actress	tt0089427
nm0989694	Stella Nastou	\N	\N	actress	tt0164021,tt0084776
nm0989696	Petter Neegaard	\N	\N	actor	tt0220200
nm0989697	Lillian Neidenberg	\N	\N	miscellaneous	tt0081184,tt0083190,tt0078430
nm0989698	Jack Cassidy	\N	\N	actor	tt0063980
nm0989700	Irwin Nestler	\N	\N	production_manager	tt0195343
nm0989701	Lee Netherfort	\N	\N	camera_department	tt0079134
nm0989702	Fábio Neto	\N	\N	actor	tt0284345
nm0989703	Manuel José Neves	\N	\N	actor	tt0140888
nm0989704	Ileana Niculescu	\N	\N	actress	tt0038530
nm0989706	Wouter van Nifterick	\N	\N		\N
nm0989707	Daniela Nirenberg	1986	\N	actress	tt2207022,tt0220203,tt0218754,tt0328789
nm0989708	Oliver Nissick	\N	\N	actor	tt0059788
nm0989709	Fran Noack	1926	2016	animation_department,art_department	tt0280246
nm0989710	Marco Le Noble	\N	\N	actor	tt0284121
nm0989712	Eduardo Nogueira	\N	\N	actor	tt0132891,tt0313018,tt0244920,tt0186438
nm0989713	Jim Normandin	\N	\N	actor	tt0079910
nm0989714	Tim Nowack	\N	\N	composer	tt1830495,tt0464116,tt2679516,tt0862882
nm0989715	Josep Antoni Nus	\N	\N	miscellaneous,art_department	tt0464872,tt0424705,tt0489599,tt0423692
nm0989716	Aishling O'Donoghue	\N	\N	make_up_department	tt0191492,tt0203050
nm0989717	Bill O'Hallaren	1918	1992	writer	tt0058834,tt0055686,tt0061248,tt0061280
nm0989718	Kia O'Hara	\N	\N		\N
nm0989719	Conor O'Kane	\N	\N	visual_effects	tt0203050
nm0989720	Noreen O'Loughlin	\N	\N		\N
nm0989721	Sidney O'Loughlin	\N	\N	actor,sound_department	tt0234407
nm0989723	Sparky O'Toole	1967	1999	actor	tt0361339,tt6583826,tt0285454,tt1100032
nm0989724	Laura Obligado	\N	\N	miscellaneous	tt0091530
nm0989725	Francine Occhiminuti	\N	\N	actress	tt0273519
nm0989726	Gino Ochoa	\N	\N	actor	tt0203979
nm0989727	Heinz Oestergaard	1916	2003	costume_designer,costume_department,actor	tt0042941,tt0047080,tt0052383,tt0053046
nm0989728	Akira Ohashi	\N	\N	miscellaneous,director,stunts	tt4829150,tt6344334,tt0279112,tt3852414
nm0989729	J. Oldarowicz	\N	\N	actor	tt0028014
nm0989730	Tatiana Kanalis Olier	\N	\N	actress	tt0151592,tt4495188
nm0989731	Marcelinho de Oliveira	\N	\N	camera_department,cinematographer	tt4660956,tt2142055,tt1921149,tt0282496
nm0989732	Tania Oliveira	\N	\N	costume_designer	tt0379404,tt1478282,tt0284345
nm0989733	Luca Olmastroni	\N	\N	producer,miscellaneous	tt0072694
nm0989734	Jodie de Onis	\N	\N	miscellaneous	tt0091530
nm0989735	Nenad Opalic	\N	\N	writer	tt0192894
nm0989736	Jens Opatz	\N	\N	writer,assistant_director,casting_department	tt2985984,tt0283279,tt0245587,tt3072988
nm0989737	Martin J. Oppenheimer	\N	\N	actor	tt0159259
nm0989738	Miranda Optekamp	\N	\N	actress	tt0284121
nm0989739	Six Sizzlers Orchestra	\N	\N	actor	tt0027082
nm0989740	Denise Ortoli	\N	\N	actress	tt0252513,tt0320684
nm0989742	Norm Ouzounis	\N	\N	art_department	tt0387117,tt0345855,tt1160996,tt0272207
nm0989743	Romilde Oxford	\N	\N	actress	tt0284121
nm0989744	Íngrid P.	\N	\N	costume_department,actress	tt0352089,tt0283719,tt1259524,tt1394151
nm0989745	Reginald Paget	\N	\N		tt0063675
nm0989746	Thanasis Pagonis	\N	\N	actor,director,assistant_director	tt0268896,tt0084776,tt0287211,tt5218300
nm0989747	Anne Marie Palopoli	\N	\N	miscellaneous,sound_department,visual_effects	tt0246404,tt1233605,tt0445990,tt0301036
nm0989748	Nikki Pandelaers	\N	\N	make_up_department	tt0217221
nm0989749	Klaas Panjer Sr.	\N	\N	actor	tt0284121
nm0989750	Mireille Panjer	\N	\N		\N
nm0989751	Nana Papadopoulou	\N	\N	actress	tt0184504,tt0130120,tt0137230,tt0136575
nm0989752	Charles Paraggio	\N	\N	actor	tt0076242,tt0091851
nm0989753	James Sanford Parker	\N	\N	writer	tt0077031
nm0989754	Lynn Marie Parker	\N	\N	actress	tt0089132
nm0989755	Stanley Parlan	1921	2009	actor	tt0035421
nm0989756	Elva Pas	\N	\N	actress	tt0284121
nm0989757	Milton Pascal	1908	1976	writer,script_department,soundtrack	tt0060034,tt0053547,tt0051282,tt0044276
nm0989758	Felipe Pascual	\N	\N	miscellaneous	tt0060683
nm0989759	Fred Pasternack	\N	\N	actor	tt0084776
nm0989760	Paulo Paturalski	\N	\N	producer,production_manager	tt0185152,tt0286652
nm0989761	Christina Payano	\N	\N	actress	tt0108757,tt0204765,tt0273028,tt0285728
nm0989762	Joan Peart	1917	1989	actress	tt0327277,tt1245421,tt1236228,tt0416438
nm0989763	Alvaro Pedreira	\N	\N	production_manager,producer,miscellaneous	tt0256179,tt0323575,tt0130995,tt0139857
nm0989764	Enrique de Pedro	\N	\N	actor	tt0319509,tt0198763,tt0192847,tt0184901
nm0989765	Donna Pekkonen	\N	\N	writer	tt0078622,tt0085032
nm0989766	Al Pellegrino	\N	\N	actor	tt0184140
nm0989767	Mike Pemberton	1976	\N	visual_effects,miscellaneous	tt0326856,tt0280674,tt0206501,tt0356634
nm0989768	J.D. Peralta	1971	2002	miscellaneous,actress	tt0118276,tt0164182,tt0282410
nm0989769	Camilla Percuoco	\N	\N	script_department	tt0283249,tt1418824,tt3213350,tt0357031
nm0989770	Zezão Pereira	\N	\N	actor	tt0140888
nm0989771	Dalmo Peres	\N	\N	actor	tt0085572,tt0241567,tt0438861,tt0457909
nm0989772	Jesus Perez Gallardo	\N	\N	actor	tt0075947,tt0486817,tt0405144
nm0989773	Luciano Perucho	1983	\N	actor	tt0202197,tt0220203
nm0989774	Nadja Petri	1976	\N	actress	tt1482968,tt1439358,tt0081860,tt0418115
nm0989776	Evgenija Petrovic-Dimitrijevic	1934	\N	costume_designer	tt0051795,tt0179932
nm0989777	Julia Pfältzer	\N	\N	art_department	tt0793361
nm0989778	Shannon Phillips	\N	\N	actor	tt0234407
nm0989780	M. Pietraszek	\N	\N	writer	tt0177417
nm0989781	Efi Pikoula	1959	\N	actress	tt0231109,tt0254031,tt0288806,tt0196526
nm0989782	Tadeusz Pilarski	1866	1940	actor	tt0029094,tt0329537
nm0989784	José Antônio Pinheiro	\N	\N	writer	tt0258413,tt12540484,tt1373486
nm0989785	Marcelo Pinheiro	\N	\N	actor,producer,writer	tt0118674,tt0337293,tt0335341,tt0324020
nm0989786	Ruddy Pinho	\N	\N	actress	tt0188593
nm0989787	Carlos Rocha Pires	\N	\N	composer	tt0039051
nm0989788	Al Pitrelli	1962	\N	actor	tt15613462
nm0989789	Rob Pizzey	\N	\N	visual_effects,editorial_department	tt3205376,tt0830515,tt1007029,tt2802144
nm0989790	Angelica Placanica	\N	\N	costume_department	tt0091530,tt0094471
nm0989791	Paul Plagens	\N	\N	art_department,miscellaneous	tt0124298,tt0120082,tt0160236
nm0989792	Arthur Planken	\N	\N	actor	tt0280982
nm0989793	Mark Plant	\N	\N	actor	tt0175116,tt0041812
nm0989794	Doris Plummer	\N	\N		\N
nm0989795	Wladyslaw Pobóg-Malinowski	\N	\N	miscellaneous	tt0028210
nm0989796	Joaquín Poccielo	\N	\N	camera_department,transportation_department,actor	tt0117961,tt0116124,tt0285066,tt0083928
nm0989797	Jacqueline Porcher	\N	\N	miscellaneous	tt0063675,tt8196900
nm0989799	Solange Porto	\N	\N	production_designer	tt0222760
nm0989800	Hubert Pouliaert	\N	\N	casting_director,sound_department	tt0253413,tt0217221
nm0989801	Fluir Powell	\N	\N	stunts	tt0074812
nm0989802	Wendell Powell	\N	\N	actor,art_department	tt0082853,tt0072567,tt0083190
nm0989803	Blanca del Prado	\N	1991	actress	tt0169162,tt0193784,tt0184901,tt0169234
nm0989804	Teddy Prangi	\N	\N	actor	tt9048030,tt14359138,tt0280953,tt0345886
nm0989805	Earl Preacely	\N	\N	actor	tt0190106
nm0989806	Sacha Prijovic	\N	\N	actor	tt0775480,tt1872880,tt0155157
nm0989808	Margreet Pronk	\N	\N	actress	tt0284121
nm0989809	Louis Pré Fils	1884	1970	actor	tt0178078,tt0013736,tt0015214,tt0263151
nm0989810	Jadwiga Pstrokonska	\N	\N	actress	tt0028319
nm0989811	Bridget Pugliese	\N	\N	actress	tt5325762,tt0240894
nm0989812	Helcio Pugliese	\N	\N	production_designer,art_director,art_department	tt1167660,tt1320253,tt5896962,tt9213932
nm0989813	Marc Purdy	\N	\N	camera_department,miscellaneous	tt0489099,tt1855325,tt1538403,tt0467197
nm0989814	Axel Puricelli	\N	\N	actor	tt0220203
nm0989815	László Pásztor	1945	\N	composer,soundtrack	tt0083151,tt0155070,tt0083522,tt1047216
nm0989816	Juliet Qualls	\N	\N	actress	tt0079910
nm0989817	Catriona Quigley	\N	\N	miscellaneous	tt0281674,tt0120865
nm0989818	Marta Quintela	\N	\N	actress	tt0184901
nm0989819	TJ Quirke	\N	\N	art_department	tt0281674,tt0252147
nm0989820	Stephen Radochia	\N	\N	actor,sound_department,miscellaneous	tt9855090,tt3918144,tt3185134,tt0246076
nm0989822	Jacqui Rafferty	\N	\N	miscellaneous,script_department	tt0314996,tt0144728,tt0238660,tt0150915
nm0989823	Bruno Ragnacci	\N	\N	actor	tt0081873
nm0989824	P. Ramarao	\N	\N	director,cinematographer,transportation_department	tt2787104,tt0263122,tt0155898
nm0989825	Liliana Ramírez	\N	\N	miscellaneous	tt0091530
nm0989826	Désirée Rancatore	1977	\N	actress,soundtrack	tt0385614,tt0364348,tt1726069,tt0263331
nm0989828	Doc Rando	\N	\N	actor	tt0040621
nm0989829	Maia Ravicovich	1990	\N	actress	tt0220203
nm0989830	Jack Rawlins	\N	\N	camera_department	tt0022191,tt6926116,tt0029104,tt0021641
nm0989831	Janet Raycraft	\N	\N	actress	tt0076809
nm0989832	Zlata Razdolina	\N	\N	composer	tt0151592
nm0989833	G.W. 'Dink' Read	1934	2012	camera_department,cinematographer	tt0082685,tt0245400,tt0093919,tt0321458
nm0989834	Dinder Reading	\N	\N	camera_department	tt0187990,tt0124362,tt0124543
nm0989835	Rita Real	\N	\N	actress	tt0076809
nm0989836	Iami Rebouças	\N	\N	actress	tt0244504,tt0140888
nm0989837	Liesbeth van der Ree	\N	\N	actress	tt0284121
nm0989838	Cheryl Reeves	\N	\N	actress	tt0048845,tt0280585,tt0279331,tt0259567
nm0989840	Gary Stephen Reick	\N	\N	writer	tt0098957
nm0989841	Marylou Reidy	\N	\N	actress	tt0280982,tt0325693
nm0989842	Melinda Reidy	\N	\N	actress	tt0280982,tt0391452,tt0325693
nm0989843	Nadine Reiß	\N	\N	actress	tt0276336
nm0989844	Nina Rekola	\N	\N	actress	tt0355102,tt0089427,tt1948080,tt2101402
nm0989846	Tiago Riccordi	\N	\N	camera_department	tt3922062,tt0284345,tt2918618
nm0989847	Taft Rice	1910	1993	actor	tt0027082
nm0989848	Jai Rich	\N	\N	actor,writer	tt0062572,tt0062575
nm0989849	Stéphane Richardeau	\N	\N	actor	tt0210167,tt0441561
nm0989850	Beverly Richards	\N	\N	actress	tt0048285
nm0989851	Bernabe Richter	\N	\N		\N
nm0989852	Sandy Rico	\N	\N	writer	tt0201129
nm0989853	Aija Rikala	\N	\N	actress	tt0292847,tt0183607,tt0089427,tt0355102
nm0989855	Pattie Robbins	\N	\N	actress	tt0039016,tt0039416
nm0989856	Nancy Roberts-Smith	\N	\N	actress	tt0184122
nm0989857	Leigh Anne Robertson	1978	\N	actress	tt0288821,tt0292909,tt0282527
nm0989858	Bety Robles	\N	\N	actress	tt0218088
nm0989860	Rosicler Martins Rodrigues	\N	\N	writer	tt0256179
nm0989861	Guendolyn Rodriguez	\N	\N		tt0250920,tt0270132
nm0989862	Brita Rogde	\N	\N	actress	tt0073796
nm0989863	Thompson Rogers	\N	\N	producer	tt0284135
nm0989864	Kate Roncoroni	\N	\N	art_department	tt1319706,tt0276053
nm0989865	Al Rondon	\N	\N	actor,miscellaneous	tt9411614,tt0262994,tt0482635,tt0250067
nm0989866	Michael Root	\N	\N	visual_effects	tt0120903,tt0163025,tt0360717,tt0319262
nm0989868	Anja Rosin	\N	\N	editor,writer	tt2363049,tt0283279,tt0347685,tt0416296
nm0989869	Jeroen van Rosmalen	\N	\N	actor	tt0284121
nm0989870	Bart Rouffaer	\N	\N	actor	tt0231826,tt0231873,tt0254020,tt1109620
nm0989871	Rose Mari Roundtree	\N	\N	actress	tt0106168,tt0090898
nm0989874	Marolinda Royé	\N	\N	actress	tt0284121
nm0989876	Mónica Ruíz	\N	\N	actress	tt0314570,tt0223913
nm0989877	Erich Runge	\N	\N	make_up_department	tt0180385,tt0070037,tt0094307,tt0096914
nm0989878	J. Ryger	\N	\N	actor	tt0028014
nm0989879	Dan Réache	\N	\N	actor	tt1188203,tt1168630,tt0210167,tt0389751
nm0989880	Aen Saalfield	\N	\N	art_department,transportation_department,miscellaneous	tt0108709,tt1448755,tt1270761,tt0238546
nm0989881	Laure de Saboulin	\N	\N	costume_designer	tt0079145
nm0989882	Jérôme Sabourin	\N	\N	cinematographer,camera_department,editorial_department	tt1572863,tt0446233,tt3668326,tt0444954
nm0989883	Judy Sacks	\N	\N	actress	tt0209872
nm0989884	Eduardo Sagarzazu	\N	\N	music_department	tt0115930
nm0989885	Sonja Sairally	\N	\N	writer	tt1329805,tt0457220,tt0280289
nm0989886	Lucy Salenger	\N	\N	miscellaneous	tt9882642,tt0076981
nm0989887	Lila Salet	\N	\N	actress	tt1773578,tt1790834,tt0269058,tt2298384
nm0989888	Géza Salgó-Sally	1902	1957	actor,composer	tt0027072,tt0241859
nm0989889	Marion Salzmann	\N	\N	costume_department,art_department,art_director	tt0400237,tt0439569,tt0248103,tt1700257
nm0989891	Guy Samson	\N	\N	actor	tt0201129
nm0989892	Agustín Sánchez Vidal	\N	\N	writer,actor	tt0243739,tt7831784,tt0280507,tt1132182
nm0989893	Mrs. Nohemí Sanín Posada	\N	\N		\N
nm0989896	Toshinori Sasaki	\N	\N	miscellaneous,stunts,actor	tt0279112,tt0342767,tt0365498,tt0365499
nm0989897	Salah Sassi	\N	\N	actor	tt0205505,tt3493128,tt0421974,tt1636823
nm0989898	Jon Savola	\N	\N	miscellaneous	tt0279781,tt1465533
nm0989899	Robinson Sawitzki	\N	\N	actor	tt0144085
nm0989900	Sebastien Scandiuzzi	\N	\N	camera_department,cinematographer,actor	tt3172670,tt0116032,tt9038678,tt13327258
nm0989901	Will Scarnell	\N	\N	producer,actor,production_manager	tt0112004,tt0083392,tt0478213,tt0283511
nm0989902	Matthias Schellenberg	1967	\N	cinematographer,camera_department,director	tt0276617,tt0845465,tt0408777,tt2647126
nm0989903	Carmem Schenini	\N	\N	production_manager	tt0212897
nm0989904	Peggi Schibi	\N	\N	writer	tt0044265,tt0192917,tt0058796,tt0056758
nm0989905	Rebecca Schipilliti	\N	\N	art_department	tt0257568
nm0989906	Jack Schleh	\N	\N	writer,director,animation_department	tt0482413,tt0280246
nm0989907	Oliver Schneider	\N	\N	camera_department,cinematographer,sound_department	tt6798320,tt0283160,tt0199776,tt4769042
nm0989908	Henriette Schneidewind	\N	\N	actress	tt0276336
nm0989909	Kelly Schroder	\N	\N	miscellaneous	tt0089523
nm0989910	Kerron Schullere	\N	\N	actor,stunts,camera_department	tt4228056,tt0430308,tt6510950,tt10098482
nm0989911	H.M. Schultz	\N	\N	cinematographer	tt0063980
nm0989913	Poppy Schwarze	1976	\N	producer,assistant_director,miscellaneous	tt0498341,tt0245891,tt0250067,tt0396551
nm0989914	Sam Schürg	\N	\N	writer,actor	tt0234374,tt0255754,tt0255759,tt0162076
nm0989915	Chico Science	1966	1997	soundtrack,actor,music_department	tt0118674,tt0455949,tt1901871
nm0989916	Damian Scigliano	\N	\N	actor	tt0220203
nm0989917	Eliza Jane Scott	\N	\N	actress,composer	tt0775441,tt0288981,tt0329934,tt0318236
nm0989919	Vivian Seibers	\N	\N	stunts	tt0089629
nm0989920	Kimberly Seilhamer	1967	\N	writer,director,producer	tt1552423,tt8893136,tt6032798,tt9893396
nm0989921	Rosana Seligmann	\N	\N	actress	tt0109084
nm0989922	Mikey Sellars	\N	\N	art_department,set_decorator	tt0276053,tt0297059
nm0989923	Matthias Semmler	\N	\N	editor,sound_department,director	tt1667194,tt1790813,tt0925379,tt1788473
nm0989925	Alexandrine Serra	\N	\N	actress	tt0273519
nm0989926	Béatrice Serrette	\N	\N	actress	tt0210167
nm0989928	Marguerite Sessler	\N	\N	actress	tt0212904
nm0989929	Dona Severina	\N	\N	actress	tt0140888
nm0989930	Miguel Ángel Rodríguez 'El Sevilla'	1970	\N	soundtrack,actor,writer	tt0377916,tt2078446,tt0820094,tt0395890
nm0989931	Jonathan Seymour	\N	\N	actor	tt0048741,tt0044248,tt0043170
nm0989932	Jason Shabatoski	1980	\N	editorial_department,miscellaneous,actor	tt1365649,tt1216502,tt0397138,tt0410764
nm0989933	Hasmukh Shah	\N	\N	writer,producer	tt0347167,tt0432385,tt0135515,tt0337625
nm0989934	William D. Shapiro	\N	\N	producer,production_manager,miscellaneous	tt0044513,tt0132513,tt0037002
nm0989935	B.R. Sharkey	\N	\N	actor	tt0079009
nm0989936	Joel Shecter	\N	\N	editor,editorial_department	tt2876900,tt12204302,tt2272112,tt5915990
nm0989937	Walter Shepherd	\N	\N	actor	tt0098849
nm0989938	Jane Sherning Warren	\N	\N	writer,director,producer	tt3705412,tt4495596,tt5893548,tt5235828
nm0989939	Sophie Sherrington	\N	\N	actress	tt0363378,tt0210357
nm0989940	Toshifumi Shimizu	\N	\N	director,assistant_director,producer	tt0437447,tt0279112,tt10213362,tt0311572
nm0989941	Shintaro Shimosawa	\N	\N	producer,writer,miscellaneous	tt2071645,tt11755740,tt9327706,tt3658772
nm0989942	Fuyuki Shinada	\N	\N	special_effects,art_department,actor	tt2109245,tt0369087,tt0279112,tt5567368
nm0989943	Sudha Shivpuri	1937	2015	actress,miscellaneous,costume_department	tt0278212,tt0261001,tt0425326,tt0084866
nm0989945	George K. Siegel	\N	\N	writer	tt0085032
nm0989946	J. Sikorski	\N	\N	actor	tt0027600
nm0989947	Laércio Silva	\N	\N	editor	tt0275359,tt0130995,tt0256179,tt0441980
nm0989948	Ingrid Silveira	\N	\N	actress	tt0208100
nm0989949	Markus Similä	1937	\N	actor,writer	tt1464292,tt0050787,tt0089427,tt1480828
nm0989951	Sophia Skempes	\N	\N	actress	tt0284121
nm0989953	Lisa Slattery	\N	\N	director,writer,assistant_director	tt0299539,tt0294307,tt0203050,tt0333502
nm0989954	Emilie R. Small	\N	\N	writer	tt0092470,tt0085032,tt0083483,tt0078704
nm0989955	Patricia Falken Smith	1926	2001	writer,miscellaneous	tt0063967,tt0056758,tt0239568,tt0058796
nm0989956	Herman Smits	\N	\N	actor	tt0227879,tt0231873,tt0294601,tt0162076
nm0989957	Harriet Snyder	\N	\N	miscellaneous,production_manager	tt1019690,tt0204137,tt0282484
nm0989959	Ksenia Solo	1987	\N	actress,producer,director	tt2543328,tt1429449,tt2234222,tt0947798
nm0989960	Thomas Solorzano	\N	\N	miscellaneous	tt0352088,tt1216485
nm0989961	Wendy Sommerstein	\N	\N	actress	tt0078153
nm0989962	Adonay Somoza Jr.	\N	\N	actor	tt0141791,tt0080054,tt0094368,tt0319190
nm0989963	Sopeña	\N	\N	miscellaneous	tt0060683
nm0989964	Juliano Lopes	\N	\N	cinematographer,camera_department	tt2424812,tt0920452,tt0367859,tt0284345
nm0989965	Caterina Spadaro	\N	\N	actress	tt0920489
nm0989966	Barbara Sperber	\N	\N	actress	tt0195343
nm0989967	Claus Spinding	\N	\N	miscellaneous	tt0158905
nm0989968	Willo Spinola	\N	\N	art_department	tt0115930
nm0989969	Nelly Spodek	\N	\N	actress	tt0014339
nm0989970	Lucía Spragge	\N	\N	miscellaneous	tt0091530
nm0989971	M. Spring	\N	\N		tt0076809
nm0989972	John Stagnitta	\N	\N	editorial_department	tt0083190,tt0078324
nm0989973	Vasili Stalin	1921	1962		\N
nm0989974	Larry Stallsworth	\N	\N	actor	tt0084783
nm0989975	Stanley	\N	\N	make_up_department	tt0195343
nm0989976	Boris Starling	1970	\N	writer,producer,actor	tt12269750,tt13072044,tt13071008,tt0249301
nm0989977	Patricia J. Statz	1960	2001	actress	tt0223128
nm0989978	Mette Steenstrup	\N	\N	production_manager,miscellaneous,script_department	tt7034204,tt0220200,tt8456150,tt0078633
nm0989980	Markus Steffl	\N	\N	writer	tt0498883,tt0323305,tt0170949,tt0853076
nm0989982	Leo Steinbruch	\N	\N	actor	tt0173651
nm0989983	Rodoljub Stepanovic	\N	\N	writer	tt0188985
nm0989984	Leszek Stepowski	1895	1975	actor	tt0029094,tt0158633
nm0989986	Caroline Invicta Stevenson	\N	\N	miscellaneous,stunts	tt0210943,tt0089523,tt0367135
nm0989988	Rosie Stonham	\N	\N	actress	tt0256019,tt0277536,tt15276368
nm0989989	Letizia Stovinsky	\N	\N	actress	tt5065456,tt13655272,tt0138601,tt18371564
nm0989990	Sabine Streckhardt	\N	\N	cinematographer,producer,director	tt3026204,tt1192897,tt0457219,tt0904105
nm0989991	Rodolfo Streibel	\N	\N	producer	tt0125721
nm0989992	Erik Struys	\N	\N	actor	tt0254912
nm0989993	Patrick Struys	\N	\N	actor	tt0254898,tt0231882
nm0989994	Astrid Ströher	1971	\N	writer,producer,script_department	tt1252595,tt5433276,tt0806910,tt1810596
nm0989995	Scandinavian Stunt Group	\N	\N	stunts	tt0158905
nm0989997	Hella Stypa	\N	\N	editor	tt0074066,tt0053535,tt0083401,tt0168441
nm0989998	Chao-Bin Su	\N	\N	writer,producer,director	tt0284066,tt0486480,tt0865556,tt1460743
nm0989999	Juan Suarez	\N	\N	actor	\N
